HOUSEHOLD_KEY,COUPON_UPC,CAMPAIGN,DATE,MONTH,YEAR
1,10000085364,8,2024-02-26,2,2024
1,51700010076,8,2024-02-26,2,2024
1,54200000033,8,2024-03-03,3,2024
1,10000085476,18,2024-08-20,8,2024
1,54200029176,18,2024-08-20,8,2024
8,53600000078,8,2024-02-27,2,2024
13,53700048182,5,2024-02-01,2,2024
13,10000085364,8,2024-02-29,2,2024
13,53600000078,8,2024-03-10,3,2024
13,52370020076,8,2024-03-23,3,2024
13,53600050042,11,2024-04-23,4,2024
13,53600000082,10,2024-05-09,5,2024
13,51600070033,13,2024-05-27,5,2024
13,52500060033,11,2024-05-27,5,2024
13,54154889076,13,2024-05-27,5,2024
13,10000085427,13,2024-06-27,6,2024
13,52740022050,13,2024-06-27,6,2024
13,10000089277,18,2024-09-01,9,2024
13,51800015050,18,2024-09-01,9,2024
13,53500035050,18,2024-09-01,9,2024
13,54105800093,18,2024-09-01,9,2024
13,52800031032,22,2024-09-28,9,2024
13,51312010033,22,2024-10-04,10,2024
13,53980010082,18,2024-10-04,10,2024
13,10000089316,22,2024-10-09,10,2024
13,54400021032,22,2024-10-09,10,2024
13,51800000050,22,2024-10-13,10,2024
14,10000089128,13,2024-06-24,6,2024
14,51480000076,13,2024-06-24,6,2024
14,52740022050,13,2024-06-24,6,2024
18,53700020076,8,2024-03-04,3,2024
18,55000013033,8,2024-03-04,3,2024
18,10000085429,13,2024-05-30,5,2024
18,51380020033,13,2024-05-30,5,2024
18,55000013050,13,2024-05-30,5,2024
18,10000085475,18,2024-08-22,8,2024
18,55000013950,18,2024-09-26,9,2024
18,52500010050,18,2024-09-29,9,2024
19,54100027032,20,2024-11-15,11,2024
22,51111540076,26,2023-08-17,8,2023
22,55410000076,26,2023-08-17,8,2023
22,52500010033,26,2023-09-01,9,2023
22,55150054075,26,2023-09-01,9,2023
22,51600070033,30,2023-11-30,11,2023
22,52277610055,4,2024-01-12,1,2024
22,53450050033,4,2024-01-12,1,2024
22,54300026150,4,2024-01-12,1,2024
22,51111540076,4,2024-01-18,1,2024
22,54850011033,9,2024-03-23,3,2024
22,51440050055,13,2024-05-24,5,2024
22,51440050055,13,2024-06-10,6,2024
22,10000085475,18,2024-08-15,8,2024
22,10000085484,18,2024-08-15,8,2024
22,10000089284,18,2024-08-15,8,2024
22,51600070033,18,2024-08-15,8,2024
22,51800010250,18,2024-08-15,8,2024
22,54300026050,18,2024-08-30,8,2024
22,54850010033,18,2024-08-30,8,2024
22,52100000031,22,2024-09-20,9,2024
22,54450000076,22,2024-09-20,9,2024
22,51312010033,22,2024-10-02,10,2024
22,54850010033,18,2024-10-02,10,2024
22,54850010033,22,2024-10-02,10,2024
22,10000085486,22,2024-10-04,10,2024
29,55100012140,8,2024-04-05,4,2024
31,53000000036,23,2024-10-25,10,2024
31,54060060033,23,2024-11-08,11,2024
40,10000089106,13,2024-05-20,5,2024
40,53620010050,13,2024-05-27,5,2024
40,10000089098,13,2024-06-12,6,2024
40,10000085429,13,2024-06-14,6,2024
40,10000089101,13,2024-06-17,6,2024
40,50800490076,13,2024-06-17,6,2024
40,51254711082,13,2024-06-17,6,2024
40,57455024475,13,2024-06-25,6,2024
40,55942700087,13,2024-07-04,7,2024
40,57410101082,18,2024-08-30,8,2024
40,57410101082,19,2024-08-30,8,2024
40,52000030042,18,2024-09-20,9,2024
40,54060060076,18,2024-09-30,9,2024
40,54200029176,18,2024-09-30,9,2024
46,10000085361,8,2024-02-24,2,2024
46,10000085363,8,2024-02-24,2,2024
56,57800000033,8,2024-02-25,2,2024
56,54200000033,8,2024-02-27,2,2024
58,10000085475,18,2024-08-14,8,2024
58,10000089195,17,2024-08-14,8,2024
58,51800015050,18,2024-08-14,8,2024
58,53800030050,17,2024-08-14,8,2024
58,54133500050,18,2024-08-14,8,2024
58,54154888076,18,2024-08-14,8,2024
58,57045970076,17,2024-08-14,8,2024
67,10000085364,8,2024-03-07,3,2024
67,53663200076,8,2024-03-07,3,2024
67,54154889078,8,2024-03-07,3,2024
67,54900065051,8,2024-03-07,3,2024
67,57756765076,8,2024-03-07,3,2024
67,52840042077,9,2024-03-14,3,2024
67,53800050033,8,2024-03-31,3,2024
67,53800050033,9,2024-03-31,3,2024
67,55000013050,8,2024-03-31,3,2024
67,10000085426,13,2024-05-29,5,2024
67,53700040075,13,2024-05-29,5,2024
67,52016910055,13,2024-06-14,6,2024
67,10000085475,18,2024-08-31,8,2024
67,10000089290,18,2024-08-31,8,2024
67,51800015050,18,2024-08-31,8,2024
67,51906341075,18,2024-08-31,8,2024
67,53010010033,18,2024-08-31,8,2024
67,57631000076,18,2024-09-02,9,2024
67,55000013950,18,2024-09-08,9,2024
67,51800000050,22,2024-09-24,9,2024
67,57045970076,22,2024-09-24,9,2024
67,54850010033,18,2024-10-01,10,2024
67,54850010033,22,2024-10-01,10,2024
67,57218040076,18,2024-10-01,10,2024
67,52840000082,23,2024-10-27,10,2024
67,10000085491,23,2024-11-12,11,2024
67,51200000076,23,2024-11-12,11,2024
67,53000000036,23,2024-11-12,11,2024
67,54060060033,23,2024-11-12,11,2024
67,54850010033,23,2024-11-12,11,2024
67,55100000033,23,2024-11-12,11,2024
67,55200017313,23,2024-11-12,11,2024
67,52700012033,25,2024-11-22,11,2024
68,54154888076,30,2023-11-30,11,2023
77,55000013950,18,2024-08-24,8,2024
79,55000013950,18,2024-08-25,8,2024
80,53600010087,19,2024-09-04,9,2024
88,57940062040,11,2024-05-01,5,2024
88,53620010028,14,2024-06-26,6,2024
88,10000089194,17,2024-07-30,7,2024
88,53800030050,17,2024-08-15,8,2024
88,57045970076,17,2024-08-15,8,2024
88,54400000032,23,2024-10-16,10,2024
88,54132220050,25,2024-11-16,11,2024
93,51380041313,29,2023-10-10,10,2023
93,54400000033,29,2023-11-22,11,2023
93,51380041013,29,2023-11-26,11,2023
93,51380040009,1,2024-01-11,1,2024
93,51111121078,7,2024-02-29,2,2024
93,52580010042,9,2024-03-14,3,2024
93,53800050033,13,2024-05-24,5,2024
93,54369530009,13,2024-05-24,5,2024
99,10000085426,13,2024-05-30,5,2024
99,10000089077,13,2024-06-27,6,2024
99,10000085475,18,2024-09-25,9,2024
99,54060060076,18,2024-09-25,9,2024
101,10000085429,13,2024-06-10,6,2024
101,10000089135,13,2024-06-10,6,2024
101,10000085476,18,2024-08-31,8,2024
101,52000030042,18,2024-09-16,9,2024
101,54900050076,18,2024-09-28,9,2024
104,53450058040,17,2024-08-09,8,2024
104,53800030050,17,2024-08-23,8,2024
104,54280011660,17,2024-08-23,8,2024
104,10000085477,18,2024-09-06,9,2024
105,10000085479,18,2024-08-14,8,2024
105,51960010076,18,2024-08-14,8,2024
105,52000030042,18,2024-08-14,8,2024
105,52100023024,18,2024-08-14,8,2024
105,52500010050,18,2024-08-14,8,2024
105,52840001082,18,2024-08-14,8,2024
105,54060060076,18,2024-08-14,8,2024
105,55410000076,18,2024-08-14,8,2024
113,53500000076,16,2024-07-16,7,2024
113,51111120078,20,2024-11-02,11,2024
115,50813700076,5,2024-02-05,2,2024
115,53600010082,5,2024-02-05,2,2024
115,50813700076,5,2024-02-12,2,2024
115,53600010082,5,2024-02-12,2,2024
115,57007440087,5,2024-02-12,2,2024
115,54450031033,8,2024-02-26,2,2024
115,53760084282,8,2024-03-04,3,2024
115,54100027009,8,2024-03-06,3,2024
115,10000085429,13,2024-06-02,6,2024
115,51910011176,13,2024-06-02,6,2024
115,56414410013,13,2024-06-02,6,2024
115,10000085482,16,2024-07-21,7,2024
115,50008710076,19,2024-08-31,8,2024
115,51500050033,19,2024-08-31,8,2024
115,50008710076,19,2024-09-17,9,2024
115,50052110076,20,2024-10-09,10,2024
115,53620010028,20,2024-10-09,10,2024
115,54100024032,20,2024-10-09,10,2024
115,54100027032,20,2024-10-09,10,2024
117,10000085361,8,2024-03-02,3,2024
117,10000089019,8,2024-03-02,3,2024
117,54154888076,8,2024-03-02,3,2024
117,10000085426,13,2024-06-05,6,2024
117,10000085427,13,2024-06-05,6,2024
117,54589353178,14,2024-07-29,7,2024
117,54300026050,18,2024-08-20,8,2024
125,54154888076,8,2024-02-22,2,2024
125,54154889078,8,2024-02-22,2,2024
127,10000089257,18,2024-08-18,8,2024
127,51111120001,18,2024-08-18,8,2024
127,51111120076,14,2024-08-18,8,2024
127,51600070033,18,2024-08-18,8,2024
139,54300020076,13,2024-06-06,6,2024
139,10000089093,13,2024-06-19,6,2024
139,52840042034,13,2024-06-19,6,2024
139,54100024950,13,2024-06-19,6,2024
139,10000085475,18,2024-08-21,8,2024
139,51906341075,18,2024-08-21,8,2024
139,52500010050,18,2024-08-21,8,2024
139,51570011042,18,2024-09-13,9,2024
139,57294010033,18,2024-09-13,9,2024
143,10000085363,8,2024-03-31,3,2024
143,54300020076,13,2024-05-29,5,2024
143,55410000076,13,2024-05-29,5,2024
156,55150026055,13,2024-06-08,6,2024
156,53620064076,17,2024-08-14,8,2024
158,52100000033,9,2024-03-19,3,2024
164,10000085477,18,2024-08-20,8,2024
164,10000089248,18,2024-08-20,8,2024
164,51600030101,18,2024-08-20,8,2024
164,51960010076,18,2024-08-20,8,2024
164,57680000050,18,2024-08-20,8,2024
164,53800050033,18,2024-09-26,9,2024
165,53377610033,29,2023-10-15,10,2023
165,10000085363,8,2024-03-04,3,2024
184,10000085426,13,2024-05-29,5,2024
184,10000089091,13,2024-05-29,5,2024
184,53620010050,13,2024-05-29,5,2024
184,54800111033,13,2024-05-31,5,2024
192,54900050076,18,2024-09-03,9,2024
192,54900050082,25,2024-10-31,10,2024
196,10000085479,18,2024-08-13,8,2024
196,54300026050,18,2024-08-13,8,2024
196,55100055075,17,2024-08-13,8,2024
196,55410000076,18,2024-08-13,8,2024
196,57790030032,17,2024-08-13,8,2024
208,55100090033,8,2024-03-03,3,2024
208,51800015050,18,2024-08-20,8,2024
208,51920021576,18,2024-08-20,8,2024
208,55410000076,18,2024-08-24,8,2024
208,10000085475,18,2024-08-29,8,2024
208,51800000050,22,2024-10-16,10,2024
214,51266950076,8,2024-03-15,3,2024
215,52580010042,13,2024-06-13,6,2024
215,58000075224,13,2024-06-13,6,2024
222,10000089038,8,2024-02-20,2,2024
232,55100012140,8,2024-02-26,2,2024
239,51111037250,30,2023-11-29,11,2023
239,52100026076,30,2023-11-29,11,2023
239,54460000050,30,2023-12-13,12,2023
239,54589300078,30,2023-12-15,12,2023
239,51111074175,2,2023-12-28,12,2023
239,52586611376,30,2023-12-30,12,2023
239,10000089012,8,2024-02-18,2,2024
239,10000085364,8,2024-02-21,2,2024
239,54300031076,8,2024-02-21,2,2024
239,52740022050,13,2024-05-26,5,2024
239,51111113178,13,2024-06-16,6,2024
239,10000089266,18,2024-08-26,8,2024
239,53700026850,18,2024-08-26,8,2024
239,54132220050,22,2024-10-16,10,2024
243,10000085361,8,2024-02-22,2,2024
243,10000089023,8,2024-02-22,2,2024
243,54154888076,8,2024-02-22,2,2024
243,10000085427,13,2024-06-05,6,2024
248,50930030075,26,2023-08-17,8,2023
248,51111008650,26,2023-08-17,8,2023
248,51111071124,26,2023-08-17,8,2023
248,51111078555,26,2023-08-17,8,2023
248,51800000033,26,2023-08-17,8,2023
248,54180000033,26,2023-08-17,8,2023
249,52840050076,13,2024-05-25,5,2024
251,10000085479,18,2024-08-20,8,2024
251,57332150033,18,2024-08-20,8,2024
256,54589314178,26,2023-09-01,9,2023
256,10000085361,8,2024-03-05,3,2024
256,10000085369,8,2024-03-15,3,2024
256,10000085426,13,2024-05-22,5,2024
256,10000089136,13,2024-05-22,5,2024
256,57047091041,13,2024-05-22,5,2024
256,51111113178,13,2024-06-17,6,2024
256,51980010075,13,2024-06-17,6,2024
256,51981012076,13,2024-06-17,6,2024
256,52840042034,13,2024-06-17,6,2024
256,54100027032,13,2024-06-17,6,2024
256,54100027032,14,2024-06-17,6,2024
256,50099700082,16,2024-08-02,8,2024
256,10000085478,18,2024-08-15,8,2024
256,50052110076,14,2024-08-15,8,2024
256,51800015050,18,2024-08-15,8,2024
256,52200090076,18,2024-08-15,8,2024
256,53500000076,16,2024-08-15,8,2024
256,53700048076,16,2024-08-15,8,2024
256,54589314175,14,2024-08-15,8,2024
256,54900050076,18,2024-08-15,8,2024
256,57418211676,16,2024-08-15,8,2024
256,10000085484,18,2024-08-29,8,2024
256,52100023024,18,2024-08-29,8,2024
256,54280011660,17,2024-08-29,8,2024
256,57143020076,18,2024-08-29,8,2024
256,51111120076,20,2024-09-30,9,2024
256,51312010033,22,2024-09-30,9,2024
256,51800000050,22,2024-09-30,9,2024
256,54589399275,20,2024-09-30,9,2024
256,57045970076,22,2024-09-30,9,2024
256,54900050082,25,2024-11-09,11,2024
256,57192110076,25,2024-11-09,11,2024
262,50800490036,8,2024-03-07,3,2024
276,10000085361,8,2024-03-13,3,2024
279,10000085363,8,2024-02-26,2,2024
282,10000085378,9,2024-04-09,4,2024
282,53700060051,9,2024-04-09,4,2024
282,54300026033,9,2024-04-09,4,2024
282,57064021233,9,2024-04-09,4,2024
282,53620064076,13,2024-06-17,6,2024
282,57265526076,13,2024-06-17,6,2024
283,51800050033,17,2024-08-26,8,2024
283,53620064076,17,2024-08-26,8,2024
283,54280011660,17,2024-08-26,8,2024
294,51600070033,26,2023-09-20,9,2023
294,53600030082,26,2023-09-20,9,2023
294,54369530042,26,2023-09-20,9,2023
294,10000085361,8,2024-02-29,2,2024
294,50800490078,8,2024-03-01,3,2024
294,54154889078,8,2024-03-13,3,2024
294,10000085425,13,2024-06-20,6,2024
294,51600050042,13,2024-06-20,6,2024
294,56414410013,13,2024-06-20,6,2024
294,57320210076,13,2024-07-03,7,2024
305,57332150033,18,2024-08-17,8,2024
305,10000085477,18,2024-08-31,8,2024
306,10000089053,8,2024-02-19,2,2024
306,53500029075,8,2024-02-19,2,2024
306,54300031076,8,2024-02-19,2,2024
306,10000085361,8,2024-02-25,2,2024
307,10000089012,8,2024-02-19,2,2024
307,53160401082,18,2024-08-29,8,2024
318,10000085429,13,2024-06-15,6,2024
318,51111113178,13,2024-06-15,6,2024
318,51780061082,13,2024-06-15,6,2024
321,10000089064,9,2024-03-22,3,2024
321,52840042077,9,2024-03-22,3,2024
324,57127920076,26,2023-09-17,9,2023
334,54369530042,26,2023-08-20,8,2023
334,57756765876,26,2023-08-20,8,2023
334,51380061733,26,2023-09-14,9,2023
334,10000085426,13,2024-06-29,6,2024
334,51254711082,13,2024-06-29,6,2024
334,57047091041,13,2024-06-29,6,2024
345,51600070033,18,2024-09-18,9,2024
346,10000089111,13,2024-05-23,5,2024
351,10000085429,13,2024-05-20,5,2024
351,52740022050,13,2024-05-20,5,2024
351,53700048182,19,2024-08-28,8,2024
353,10000085363,8,2024-02-27,2,2024
353,10000085475,18,2024-08-19,8,2024
354,10000085364,8,2024-02-20,2,2024
354,10000085366,8,2024-02-20,2,2024
354,52016910055,13,2024-06-04,6,2024
361,52927461001,13,2024-05-25,5,2024
361,55410000076,13,2024-05-25,5,2024
361,52840011033,13,2024-06-26,6,2024
361,54200000076,13,2024-06-26,6,2024
361,10000085478,18,2024-09-01,9,2024
361,51200000076,18,2024-09-01,9,2024
362,51111070124,30,2023-11-27,11,2023
362,52586611376,30,2023-11-27,11,2023
367,54900000032,26,2023-08-21,8,2023
367,51116200076,30,2023-11-27,11,2023
367,10000085320,30,2023-12-05,12,2023
367,51111074232,30,2023-12-05,12,2023
367,54850011076,30,2023-12-05,12,2023
367,54154888076,30,2023-12-11,12,2023
367,52300021041,30,2023-12-25,12,2023
367,53700020076,8,2024-03-14,3,2024
367,53800050033,8,2024-03-14,3,2024
367,53800050033,9,2024-03-14,3,2024
367,57800000033,8,2024-03-14,3,2024
367,10000085361,8,2024-03-20,3,2024
367,10000089048,8,2024-03-20,3,2024
367,54154888076,8,2024-03-20,3,2024
367,57192117133,8,2024-03-20,3,2024
367,51380041309,9,2024-03-26,3,2024
367,54100024950,13,2024-05-20,5,2024
367,10000089134,13,2024-06-19,6,2024
367,54154888076,13,2024-06-19,6,2024
367,10000085428,13,2024-06-25,6,2024
367,10000085477,18,2024-08-19,8,2024
367,53800030050,17,2024-08-19,8,2024
367,57680000050,18,2024-08-19,8,2024
367,57756765034,17,2024-08-19,8,2024
367,51800015050,18,2024-08-27,8,2024
367,52113100033,18,2024-08-27,8,2024
367,53450058040,17,2024-08-27,8,2024
367,10000089251,18,2024-09-24,9,2024
367,51116200076,18,2024-09-24,9,2024
367,51600070033,18,2024-09-24,9,2024
367,54800110055,20,2024-10-09,10,2024
367,54900050082,25,2024-10-22,10,2024
367,51200000009,25,2024-11-04,11,2024
367,51090044076,25,2024-11-11,11,2024
367,54116500036,25,2024-11-11,11,2024
378,55150054075,26,2023-08-30,8,2023
378,53600000078,8,2024-04-03,4,2024
378,10000085363,8,2024-04-05,4,2024
378,57127930075,13,2024-05-23,5,2024
378,57680810050,13,2024-06-24,6,2024
378,52840011033,13,2024-06-29,6,2024
378,52100023024,18,2024-08-16,8,2024
378,10000085478,18,2024-09-02,9,2024
378,57124960082,18,2024-09-02,9,2024
383,53600000078,8,2024-03-15,3,2024
387,10000085429,13,2024-06-01,6,2024
389,57127900036,8,2024-02-25,2,2024
389,10000085361,8,2024-03-18,3,2024
389,10000085426,13,2024-05-19,5,2024
389,10000089093,13,2024-05-19,5,2024
389,10000085432,13,2024-06-22,6,2024
389,51600070033,13,2024-06-22,6,2024
389,51960010076,13,2024-06-22,6,2024
389,51960060050,13,2024-06-22,6,2024
389,54300020076,13,2024-06-22,6,2024
389,10000089093,13,2024-06-23,6,2024
389,53620064076,17,2024-08-05,8,2024
389,54440020076,17,2024-08-05,8,2024
389,10000085476,18,2024-08-19,8,2024
389,52000030042,18,2024-09-01,9,2024
389,52113100033,18,2024-09-01,9,2024
389,54060060076,18,2024-09-01,9,2024
389,54300026050,18,2024-09-01,9,2024
389,54900050076,18,2024-09-17,9,2024
389,54060060033,23,2024-10-15,10,2024
389,53000000036,23,2024-10-18,10,2024
389,55100000033,23,2024-10-27,10,2024
389,51200000076,23,2024-11-02,11,2024
389,57192110076,25,2024-11-17,11,2024
393,57910012076,8,2024-02-21,2,2024
397,10000085364,8,2024-02-20,2,2024
397,57214010082,8,2024-02-20,2,2024
397,10000085429,13,2024-05-25,5,2024
397,53800050033,13,2024-05-25,5,2024
397,54300020076,13,2024-05-25,5,2024
397,54369530009,13,2024-05-25,5,2024
397,56687861776,18,2024-10-01,10,2024
400,52840000033,25,2024-11-14,11,2024
400,54900050082,25,2024-11-14,11,2024
400,57192110076,25,2024-11-14,11,2024
400,57797520075,25,2024-11-14,11,2024
412,10000089128,13,2024-06-15,6,2024
412,51952131178,13,2024-06-15,6,2024
412,54154888076,13,2024-06-15,6,2024
412,58000075224,13,2024-06-15,6,2024
413,53700013182,18,2024-08-29,8,2024
413,10000085476,18,2024-09-01,9,2024
421,10000085364,8,2024-03-29,3,2024
426,53010010033,8,2024-02-25,2,2024
426,57064021233,8,2024-02-25,2,2024
426,10000089020,8,2024-03-19,3,2024
426,10000085429,13,2024-06-10,6,2024
426,54610000075,13,2024-06-20,6,2024
426,51116221076,13,2024-06-22,6,2024
426,10000085475,18,2024-09-09,9,2024
426,10000089250,18,2024-09-09,9,2024
426,52000030042,18,2024-09-09,9,2024
426,51116200076,18,2024-09-27,9,2024
426,51800015050,18,2024-09-27,9,2024
437,57023000076,30,2023-12-04,12,2023
437,51500050033,19,2024-09-17,9,2024
438,10000085475,18,2024-08-16,8,2024
438,54200029176,18,2024-09-12,9,2024
443,52100000033,9,2024-04-12,4,2024
443,54300026033,9,2024-04-12,4,2024
454,57910012076,8,2024-04-02,4,2024
458,10000089124,13,2024-05-26,5,2024
458,10000085432,13,2024-05-31,5,2024
458,10000089266,18,2024-08-29,8,2024
458,52100023024,18,2024-08-29,8,2024
460,54060060076,18,2024-09-08,9,2024
463,10000085475,18,2024-09-19,9,2024
464,51111074642,26,2023-08-30,8,2023
464,52100026076,26,2023-09-16,9,2023
464,51111540076,4,2024-01-13,1,2024
464,50800490076,13,2024-05-21,5,2024
464,10000085428,13,2024-05-30,5,2024
464,51111113178,13,2024-05-30,5,2024
464,54800140060,14,2024-08-12,8,2024
464,54800111033,18,2024-08-23,8,2024
464,54800110055,20,2024-09-12,9,2024
464,52100000031,22,2024-09-26,9,2024
469,10000085429,13,2024-05-21,5,2024
469,10000085475,18,2024-08-16,8,2024
469,52500010050,18,2024-08-16,8,2024
469,54900050076,18,2024-08-16,8,2024
469,57631000076,18,2024-08-16,8,2024
472,10000085425,13,2024-05-31,5,2024
472,51600040033,13,2024-05-31,5,2024
472,51600070033,13,2024-05-31,5,2024
472,51700010076,13,2024-05-31,5,2024
472,53700061076,13,2024-05-31,5,2024
472,54000016333,13,2024-05-31,5,2024
472,54154888076,13,2024-05-31,5,2024
472,54180010033,13,2024-05-31,5,2024
472,54200000076,13,2024-05-31,5,2024
472,57033030076,13,2024-05-31,5,2024
472,54589399276,14,2024-07-11,7,2024
473,10000089244,18,2024-08-28,8,2024
473,10000089272,18,2024-08-28,8,2024
473,52840001082,18,2024-08-28,8,2024
484,55480017133,18,2024-09-06,9,2024
484,57143020076,18,2024-09-06,9,2024
485,51800000050,22,2024-09-25,9,2024
485,52100000031,22,2024-09-25,9,2024
490,52370020076,8,2024-03-06,3,2024
490,51113240013,13,2024-06-07,6,2024
490,51600040033,13,2024-06-07,6,2024
490,54369530009,13,2024-06-07,6,2024
490,56414410013,13,2024-06-07,6,2024
490,10000085477,18,2024-08-30,8,2024
490,51800015050,18,2024-08-30,8,2024
492,10000085425,13,2024-06-05,6,2024
492,10000085475,18,2024-09-12,9,2024
492,54200029176,18,2024-09-12,9,2024
503,10000085425,13,2024-06-14,6,2024
503,51600070033,13,2024-06-14,6,2024
503,52898920076,13,2024-06-14,6,2024
518,10000085363,8,2024-03-07,3,2024
518,10000085369,8,2024-03-07,3,2024
518,51981012076,13,2024-06-02,6,2024
518,10000085478,18,2024-08-29,8,2024
518,52113100033,18,2024-08-29,8,2024
523,10000085477,18,2024-08-17,8,2024
545,10000085361,8,2024-04-04,4,2024
545,50800490078,8,2024-04-04,4,2024
545,53600000078,8,2024-04-04,4,2024
545,55100012140,8,2024-04-04,4,2024
545,50581447025,18,2024-09-02,9,2024
545,53010010033,18,2024-09-02,9,2024
545,10000085477,18,2024-09-30,9,2024
546,10000085477,18,2024-08-23,8,2024
546,10000089240,18,2024-08-23,8,2024
560,51111124078,14,2024-07-08,7,2024
560,53620010028,14,2024-08-08,8,2024
560,54800140060,14,2024-08-08,8,2024
573,10000085364,8,2024-02-20,2,2024
573,55000013033,8,2024-02-20,2,2024
573,57910012076,8,2024-02-20,2,2024
574,10000085361,8,2024-02-22,2,2024
574,10000089018,8,2024-02-22,2,2024
574,53810077076,8,2024-02-22,2,2024
574,55100012140,8,2024-03-02,3,2024
574,53800050033,8,2024-03-09,3,2024
574,10000085368,8,2024-04-04,4,2024
574,54300080075,8,2024-04-04,4,2024
574,10000085370,10,2024-04-13,4,2024
574,55220010013,10,2024-04-19,4,2024
574,10000089106,13,2024-07-05,7,2024
574,53620064076,13,2024-07-05,7,2024
574,10000089285,18,2024-08-16,8,2024
574,51500050033,19,2024-08-30,8,2024
574,55220010013,19,2024-08-30,8,2024
574,51500050013,19,2024-09-20,9,2024
574,53700048182,19,2024-09-26,9,2024
574,52100023030,25,2024-10-24,10,2024
574,54900050082,25,2024-10-25,10,2024
574,51200000009,25,2024-11-07,11,2024
574,52100023030,25,2024-11-14,11,2024
574,54900050082,25,2024-11-14,11,2024
574,57797520075,25,2024-11-14,11,2024
574,52900020076,25,2024-11-22,11,2024
574,57192110076,25,2024-11-22,11,2024
574,58768484040,25,2024-11-22,11,2024
577,54300020076,13,2024-06-29,6,2024
581,52840031033,8,2024-03-25,3,2024
588,52100000076,30,2023-12-06,12,2023
588,52100041013,30,2023-12-06,12,2023
588,10000085320,30,2023-12-15,12,2023
588,10000085363,8,2024-03-12,3,2024
588,10000089045,8,2024-03-12,3,2024
588,10000089046,8,2024-03-12,3,2024
588,51312010033,8,2024-03-12,3,2024
588,55100012140,8,2024-03-27,3,2024
588,10000089106,13,2024-05-29,5,2024
588,10000089113,13,2024-05-29,5,2024
588,51600050042,13,2024-05-29,5,2024
588,53620010050,13,2024-05-29,5,2024
588,54650050060,13,2024-07-03,7,2024
588,10000085478,18,2024-08-14,8,2024
588,53620010028,14,2024-08-14,8,2024
588,53700013182,18,2024-08-14,8,2024
588,54100027032,14,2024-08-14,8,2024
588,54589399250,14,2024-08-14,8,2024
588,57143020076,18,2024-08-14,8,2024
588,51800015050,18,2024-09-10,9,2024
588,53700048182,19,2024-09-10,9,2024
588,52100023024,18,2024-09-25,9,2024
596,10000085425,13,2024-05-19,5,2024
600,51600070033,13,2024-05-21,5,2024
600,51960060050,13,2024-05-21,5,2024
600,54589399276,14,2024-07-13,7,2024
600,53620010028,14,2024-08-07,8,2024
600,53620010028,20,2024-11-06,11,2024
605,10000085361,8,2024-03-03,3,2024
605,10000085370,10,2024-04-14,4,2024
605,53700048182,10,2024-04-14,4,2024
605,53700048182,10,2024-04-19,4,2024
605,50813713084,10,2024-04-27,4,2024
605,55150026055,13,2024-06-19,6,2024
605,10000085478,18,2024-08-29,8,2024
605,56687861776,18,2024-08-29,8,2024
630,10000085364,8,2024-02-29,2,2024
630,54154888076,8,2024-03-15,3,2024
630,10000085425,13,2024-05-22,5,2024
630,52840011033,13,2024-05-22,5,2024
630,53620010050,13,2024-06-05,6,2024
630,10000085479,18,2024-08-23,8,2024
630,10000089252,18,2024-08-23,8,2024
631,10000085475,18,2024-08-29,8,2024
636,54100027032,13,2024-06-17,6,2024
636,54100027032,14,2024-06-17,6,2024
636,54589399250,14,2024-06-17,6,2024
636,57332150033,18,2024-09-11,9,2024
641,54589399276,14,2024-07-13,7,2024
647,10000085363,8,2024-02-20,2,2024
647,10000089047,8,2024-02-20,2,2024
647,53600000078,8,2024-03-15,3,2024
647,55000013950,18,2024-08-29,8,2024
650,52100040050,13,2024-05-22,5,2024
679,52740020076,8,2024-02-23,2,2024
679,10000085428,13,2024-05-24,5,2024
679,57631000076,13,2024-05-24,5,2024
679,53010030033,13,2024-05-26,5,2024
680,53010010033,8,2024-02-22,2,2024
680,10000085363,8,2024-04-01,4,2024
681,54460000050,30,2023-11-23,11,2023
681,53620010050,30,2023-11-30,11,2023
681,54740018078,30,2023-11-30,11,2023
687,10000085479,18,2024-09-09,9,2024
687,10000089290,18,2024-09-09,9,2024
687,54850010033,18,2024-09-09,9,2024
687,51800015050,18,2024-09-22,9,2024
687,51960010076,18,2024-09-22,9,2024
692,10000085363,8,2024-02-27,2,2024
692,54060060076,18,2024-08-15,8,2024
692,10000085475,18,2024-08-23,8,2024
696,10000089125,13,2024-06-25,6,2024
696,53663250076,13,2024-06-25,6,2024
696,53700040075,13,2024-06-25,6,2024
696,54300020076,13,2024-06-25,6,2024
699,52100026076,30,2023-12-04,12,2023
702,10000085364,8,2024-03-03,3,2024
702,10000085427,13,2024-05-23,5,2024
702,10000089106,13,2024-05-23,5,2024
702,52100040050,13,2024-05-23,5,2024
703,10000085429,13,2024-05-24,5,2024
703,51480000076,13,2024-05-24,5,2024
703,51600070033,13,2024-05-24,5,2024
703,54300020076,13,2024-05-24,5,2024
703,54800111033,13,2024-05-24,5,2024
709,54589399255,20,2024-09-09,9,2024
712,51380041013,29,2023-10-19,10,2023
712,54300016033,29,2023-10-19,10,2023
712,10000085426,13,2024-05-23,5,2024
712,53700040075,13,2024-06-23,6,2024
712,54100024950,13,2024-06-23,6,2024
712,51600070033,13,2024-06-29,6,2024
712,10000085475,18,2024-09-21,9,2024
712,54060060076,18,2024-09-21,9,2024
712,54300026050,18,2024-09-21,9,2024
712,54900050076,18,2024-09-21,9,2024
715,57631000076,18,2024-08-20,8,2024
716,10000085425,13,2024-06-11,6,2024
716,53663250076,13,2024-06-11,6,2024
718,51111074242,26,2023-08-28,8,2023
718,53620010028,27,2023-10-11,10,2023
718,51111070124,30,2023-12-18,12,2023
718,53600000082,10,2024-05-09,5,2024
718,55703711082,18,2024-08-23,8,2024
725,10000085427,13,2024-06-17,6,2024
725,10000089124,13,2024-06-17,6,2024
725,53620010050,13,2024-06-17,6,2024
725,55410000076,13,2024-06-17,6,2024
725,56414410013,13,2024-06-17,6,2024
740,10000085475,18,2024-08-21,8,2024
740,10000089284,18,2024-08-21,8,2024
745,53450058040,17,2024-08-08,8,2024
745,57027211076,23,2024-10-17,10,2024
755,10000085425,13,2024-06-13,6,2024
755,10000089137,13,2024-06-13,6,2024
755,52100040050,13,2024-06-13,6,2024
755,52580010042,13,2024-06-13,6,2024
755,53010030033,13,2024-06-13,6,2024
755,54154888076,13,2024-06-13,6,2024
755,10000085475,18,2024-09-27,9,2024
755,51111120001,18,2024-09-27,9,2024
755,51862700076,18,2024-09-27,9,2024
755,52800051098,18,2024-09-27,9,2024
755,54060060076,18,2024-09-27,9,2024
755,54200029176,18,2024-09-27,9,2024
761,51312010033,22,2024-10-01,10,2024
761,51800000050,22,2024-10-01,10,2024
761,52100000031,22,2024-10-01,10,2024
761,52800031032,22,2024-10-01,10,2024
761,54132220050,22,2024-10-01,10,2024
761,54400021032,22,2024-10-01,10,2024
761,54450000076,22,2024-10-01,10,2024
761,52700012033,25,2024-10-27,10,2024
761,54900050082,25,2024-10-27,10,2024
761,57192110076,25,2024-10-27,10,2024
761,57756765034,25,2024-10-27,10,2024
764,10000085429,13,2024-05-30,5,2024
764,53663250076,13,2024-06-03,6,2024
764,54154889076,13,2024-06-03,6,2024
766,53500000076,16,2024-07-22,7,2024
768,10000085477,18,2024-08-29,8,2024
768,10000089306,18,2024-08-29,8,2024
768,55410000076,18,2024-08-29,8,2024
771,52270011076,16,2024-07-21,7,2024
771,53600030082,16,2024-07-21,7,2024
771,57418211676,16,2024-07-21,7,2024
788,51111076635,26,2023-08-16,8,2023
788,55100055008,26,2023-08-16,8,2023
788,57218020076,26,2023-08-16,8,2023
788,51111037233,26,2023-09-15,9,2023
788,51111070150,26,2023-09-15,9,2023
788,51111075533,26,2023-09-15,9,2023
788,57320210076,26,2023-09-15,9,2023
788,53010030033,13,2024-06-12,6,2024
788,53400022076,25,2024-11-16,11,2024
788,58768484040,25,2024-11-16,11,2024
793,10000085477,18,2024-09-23,9,2024
793,10000085479,18,2024-09-23,9,2024
805,10000085425,13,2024-05-22,5,2024
805,10000089076,13,2024-05-22,5,2024
805,51600070033,13,2024-05-22,5,2024
805,52740022050,13,2024-05-22,5,2024
805,57105210033,13,2024-05-22,5,2024
805,10000085429,13,2024-07-04,7,2024
805,53700048182,19,2024-09-01,9,2024
805,10000089271,18,2024-09-02,9,2024
805,10000085479,18,2024-09-11,9,2024
805,53600010087,19,2024-09-25,9,2024
807,10000085477,18,2024-09-02,9,2024
807,10000089290,18,2024-09-02,9,2024
807,10000085493,23,2024-10-10,10,2024
807,51200000076,23,2024-10-10,10,2024
807,55200017313,23,2024-10-10,10,2024
825,10000085426,13,2024-06-13,6,2024
825,51330021113,13,2024-06-13,6,2024
825,54178802078,13,2024-06-13,6,2024
825,54650050060,13,2024-06-13,6,2024
825,57265526076,13,2024-06-13,6,2024
825,57680810050,13,2024-06-13,6,2024
825,10000089078,13,2024-06-21,6,2024
825,10000085479,18,2024-08-15,8,2024
825,51800015050,18,2024-08-15,8,2024
825,52100023024,18,2024-08-15,8,2024
825,57144800076,18,2024-08-15,8,2024
825,53120026033,18,2024-09-13,9,2024
825,57143020076,18,2024-09-13,9,2024
840,10000085495,24,2024-11-02,11,2024
845,10000085427,13,2024-05-24,5,2024
845,51111113178,13,2024-05-24,5,2024
845,54263410033,13,2024-05-24,5,2024
864,51981012076,8,2024-03-09,3,2024
864,10000085429,13,2024-06-02,6,2024
864,52580010042,13,2024-06-02,6,2024
864,52740022050,13,2024-06-08,6,2024
864,10000085426,13,2024-06-12,6,2024
864,52927461001,13,2024-06-12,6,2024
864,51981012076,13,2024-06-30,6,2024
864,10000085475,18,2024-08-31,8,2024
864,10000085478,18,2024-08-31,8,2024
864,10000089263,18,2024-08-31,8,2024
864,10000089270,18,2024-08-31,8,2024
864,10000089239,18,2024-09-06,9,2024
867,10000085425,13,2024-06-13,6,2024
867,51111113178,13,2024-07-04,7,2024
867,51960010076,13,2024-07-04,7,2024
867,52580010042,13,2024-07-04,7,2024
867,57050100078,13,2024-07-04,7,2024
867,52570016075,18,2024-10-04,10,2024
877,10000085364,8,2024-02-23,2,2024
877,54154888076,8,2024-02-23,2,2024
877,55100012140,8,2024-02-23,2,2024
877,57192117133,8,2024-02-23,2,2024
877,52840042077,9,2024-03-15,3,2024
877,55004910025,9,2024-03-15,3,2024
877,53800050033,8,2024-04-04,4,2024
877,53800050033,9,2024-04-04,4,2024
877,50004510076,18,2024-09-20,9,2024
877,54200029176,18,2024-09-20,9,2024
878,10000085425,13,2024-06-07,6,2024
878,10000089128,13,2024-06-07,6,2024
883,54154888076,30,2023-11-29,11,2023
883,10000085429,13,2024-05-29,5,2024
883,10000089134,13,2024-05-29,5,2024
883,10000085432,13,2024-06-28,6,2024
888,52100026076,30,2023-11-24,11,2023
888,54200000076,30,2023-11-24,11,2023
888,10000089091,13,2024-05-31,5,2024
888,10000089098,13,2024-05-31,5,2024
888,53620010050,13,2024-05-31,5,2024
888,54100027032,13,2024-05-31,5,2024
888,52150000050,14,2024-06-24,6,2024
888,53620010028,14,2024-06-24,6,2024
888,54100027032,13,2024-06-24,6,2024
888,54100027032,14,2024-06-24,6,2024
888,54610000075,13,2024-06-24,6,2024
888,54589321176,20,2024-10-06,10,2024
889,52000030042,26,2023-08-24,8,2023
889,57218020076,26,2023-09-08,9,2023
889,57490414076,26,2023-09-08,9,2023
889,54200060033,26,2023-09-22,9,2023
889,52819011176,30,2023-11-27,11,2023
889,52920000028,30,2023-11-27,11,2023
889,53700048182,5,2024-01-28,1,2024
889,51600040033,13,2024-05-30,5,2024
889,53663250076,13,2024-05-30,5,2024
889,58978500076,13,2024-05-30,5,2024
889,10000085428,13,2024-06-14,6,2024
889,10000089084,13,2024-06-14,6,2024
889,53700048076,16,2024-07-26,7,2024
889,10000085475,18,2024-08-23,8,2024
889,52000030042,18,2024-08-23,8,2024
889,52500010050,18,2024-08-23,8,2024
889,51600070033,18,2024-09-06,9,2024
889,55400061078,18,2024-09-06,9,2024
889,51450050050,22,2024-10-09,10,2024
889,10000085493,23,2024-11-01,11,2024
889,51200000076,23,2024-11-01,11,2024
889,54850010033,23,2024-11-01,11,2024
889,51380040009,23,2024-11-15,11,2024
895,10000085364,8,2024-04-01,4,2024
895,10000085425,13,2024-05-28,5,2024
895,10000085475,18,2024-08-17,8,2024
896,53663200076,29,2023-11-09,11,2023
906,54060060033,23,2024-10-14,10,2024
908,53120026033,18,2024-08-31,8,2024
908,54154888076,18,2024-08-31,8,2024
909,10000085475,18,2024-08-15,8,2024
911,10000085429,13,2024-06-28,6,2024
911,10000085475,18,2024-08-16,8,2024
920,10000085425,13,2024-05-22,5,2024
920,10000085429,13,2024-05-22,5,2024
920,51600070033,13,2024-05-22,5,2024
920,54200000076,13,2024-05-22,5,2024
929,10000089029,8,2024-02-26,2,2024
929,55100055075,8,2024-02-26,2,2024
929,54440020076,17,2024-08-15,8,2024
929,10000085477,18,2024-09-19,9,2024
931,10000085363,8,2024-02-25,2,2024
931,51111110076,8,2024-02-25,2,2024
931,52700040009,8,2024-02-25,2,2024
931,53500051576,8,2024-02-25,2,2024
931,53600000078,8,2024-02-25,2,2024
931,53800050033,8,2024-02-25,2,2024
931,54200000033,8,2024-02-25,2,2024
931,54450031033,8,2024-02-25,2,2024
931,57192117133,8,2024-02-25,2,2024
931,57631000076,8,2024-02-25,2,2024
931,10000085477,18,2024-08-25,8,2024
931,10000085479,18,2024-08-25,8,2024
931,10000089194,17,2024-08-25,8,2024
931,10000089195,17,2024-08-25,8,2024
931,10000089246,18,2024-08-25,8,2024
931,10000089253,18,2024-08-25,8,2024
931,10000089266,18,2024-08-25,8,2024
931,10000089288,18,2024-08-25,8,2024
931,51111114101,18,2024-08-25,8,2024
931,51200000076,18,2024-08-25,8,2024
931,51600070033,18,2024-08-25,8,2024
931,51800050033,17,2024-08-25,8,2024
931,52100023024,18,2024-08-25,8,2024
931,53800030050,17,2024-08-25,8,2024
931,54280011660,17,2024-08-25,8,2024
931,54440020076,17,2024-08-25,8,2024
931,55400061078,18,2024-08-25,8,2024
931,57045970076,17,2024-08-25,8,2024
931,57790030032,17,2024-08-25,8,2024
934,51600070033,13,2024-05-27,5,2024
936,53700021125,30,2023-12-16,12,2023
936,54200000076,13,2024-06-24,6,2024
936,54850010033,18,2024-09-26,9,2024
936,51111120001,18,2024-10-03,10,2024
947,51113240041,30,2023-11-24,11,2023
947,10000085427,13,2024-06-11,6,2024
947,51113240013,13,2024-06-11,6,2024
947,51116221076,13,2024-06-11,6,2024
949,10000085425,13,2024-06-09,6,2024
949,10000085428,13,2024-06-09,6,2024
949,57047091041,13,2024-06-09,6,2024
954,52100040050,13,2024-06-12,6,2024
954,56414410013,13,2024-06-12,6,2024
956,51906341075,18,2024-09-14,9,2024
968,55000013050,13,2024-05-23,5,2024
972,57756765875,30,2023-12-27,12,2023
979,51370000076,26,2023-08-26,8,2023
979,51600070033,26,2023-08-26,8,2023
979,53700048182,5,2024-01-24,1,2024
979,53700048182,5,2024-02-13,2,2024
979,58087858576,7,2024-02-13,2,2024
979,10000085425,13,2024-05-21,5,2024
979,10000085426,13,2024-05-21,5,2024
979,10000085427,13,2024-05-21,5,2024
979,51480000076,13,2024-05-21,5,2024
979,54900065036,13,2024-05-21,5,2024
979,55410000076,13,2024-05-28,5,2024
979,57105210033,13,2024-05-28,5,2024
979,54369530009,13,2024-06-04,6,2024
979,55150026055,13,2024-06-26,6,2024
979,53700048076,16,2024-08-13,8,2024
979,10000085479,18,2024-08-22,8,2024
979,51800015050,18,2024-08-22,8,2024
979,54200029176,18,2024-08-22,8,2024
979,51960010076,18,2024-08-27,8,2024
979,53210060033,18,2024-08-29,8,2024
979,54105800093,18,2024-08-29,8,2024
979,57143020076,18,2024-08-29,8,2024
979,51800000050,22,2024-09-24,9,2024
979,52840000082,23,2024-10-17,10,2024
979,54850010033,22,2024-10-17,10,2024
979,54850010033,23,2024-10-17,10,2024
979,55928320070,23,2024-10-17,10,2024
979,10000085493,23,2024-10-31,10,2024
982,10000085363,8,2024-02-26,2,2024
982,54110030074,10,2024-04-20,4,2024
982,10000085425,13,2024-05-21,5,2024
982,52740022050,13,2024-05-21,5,2024
982,57255400076,13,2024-05-21,5,2024
982,10000089124,13,2024-05-29,5,2024
982,51600040033,13,2024-05-29,5,2024
982,50800490076,13,2024-06-06,6,2024
982,50800490076,13,2024-07-03,7,2024
982,54800110055,14,2024-07-03,7,2024
982,10000085479,18,2024-08-22,8,2024
982,51800015050,18,2024-08-22,8,2024
982,54900050076,18,2024-08-22,8,2024
982,57045970076,17,2024-08-22,8,2024
982,51600070033,18,2024-10-01,10,2024
982,51800000050,22,2024-10-01,10,2024
982,51800015050,18,2024-10-01,10,2024
982,54850010033,18,2024-10-01,10,2024
982,54850010033,22,2024-10-01,10,2024
983,54420930024,18,2024-09-05,9,2024
983,57218040076,18,2024-09-05,9,2024
988,51111076669,26,2023-08-30,8,2023
988,52100026076,26,2023-08-30,8,2023
988,54589314178,26,2023-08-30,8,2023
988,57800000032,26,2023-08-30,8,2023
993,10000085364,8,2024-02-22,2,2024
993,54154888076,8,2024-02-22,2,2024
993,10000085427,13,2024-05-22,5,2024
993,10000085429,13,2024-05-22,5,2024
993,10000089124,13,2024-05-22,5,2024
993,54200000076,13,2024-05-22,5,2024
998,52740020076,8,2024-03-05,3,2024
1000,10000089124,13,2024-05-23,5,2024
1000,50000540082,13,2024-05-26,5,2024
1000,51480000076,13,2024-05-26,5,2024
1000,53700040075,13,2024-05-26,5,2024
1005,10000085363,8,2024-02-25,2,2024
1005,10000089053,8,2024-02-25,2,2024
1005,10000089054,8,2024-02-25,2,2024
1005,53620010050,8,2024-02-25,2,2024
1005,10000089128,13,2024-05-22,5,2024
1011,10000085427,13,2024-05-25,5,2024
1011,10000085432,13,2024-05-25,5,2024
1011,54154888076,13,2024-05-25,5,2024
1012,55150026055,13,2024-06-09,6,2024
1015,10000089026,8,2024-02-21,2,2024
1015,10000089124,13,2024-06-12,6,2024
1015,57756765076,13,2024-06-12,6,2024
1015,10000085476,18,2024-08-15,8,2024
1017,55000035213,15,2024-07-29,7,2024
1020,50000540082,13,2024-05-30,5,2024
1024,10000085363,8,2024-02-26,2,2024
1029,51380041013,29,2023-10-13,10,2023
1029,51380041313,29,2023-10-13,10,2023
1029,51380041013,29,2023-11-25,11,2023
1029,10000085363,8,2024-03-16,3,2024
1029,51480000076,13,2024-05-29,5,2024
1039,54300020076,13,2024-06-11,6,2024
1039,50004518076,18,2024-08-24,8,2024
1039,54900050076,18,2024-08-24,8,2024
1040,53700060051,9,2024-04-12,4,2024
1064,10000085369,8,2024-03-06,3,2024
1064,57127900036,8,2024-03-06,3,2024
1064,10000085478,18,2024-09-02,9,2024
1064,54420930024,18,2024-09-02,9,2024
1064,55000013933,18,2024-09-02,9,2024
1066,53600000078,8,2024-02-25,2,2024
1066,50800490078,8,2024-03-03,3,2024
1066,50800490076,13,2024-05-20,5,2024
1066,51480000076,13,2024-06-11,6,2024
1074,10000085425,13,2024-05-27,5,2024
1074,10000085426,13,2024-05-27,5,2024
1074,10000085429,13,2024-05-27,5,2024
1074,57631000076,18,2024-09-08,9,2024
1081,10000085428,13,2024-07-02,7,2024
1081,54460011776,13,2024-07-02,7,2024
1083,55100012140,8,2024-02-18,2,2024
1098,51111075533,26,2023-08-23,8,2023
1098,10000085364,8,2024-02-21,2,2024
1098,50008130078,8,2024-02-21,2,2024
1098,53663200076,8,2024-02-21,2,2024
1098,54610020076,8,2024-02-21,2,2024
1098,10000085363,8,2024-02-25,2,2024
1098,10000089012,8,2024-03-07,3,2024
1098,10000089047,8,2024-03-07,3,2024
1098,10000089051,8,2024-03-07,3,2024
1098,50004110076,8,2024-03-07,3,2024
1098,52840011033,13,2024-05-20,5,2024
1098,54100024950,13,2024-05-28,5,2024
1098,53010030033,13,2024-05-31,5,2024
1098,10000085425,13,2024-06-07,6,2024
1098,55410000076,13,2024-07-01,7,2024
1098,10000085475,18,2024-09-19,9,2024
1113,10000085364,8,2024-03-07,3,2024
1113,54154888076,8,2024-03-07,3,2024
1113,54180010033,13,2024-05-22,5,2024
1113,52898920076,13,2024-05-30,5,2024
1113,52100000031,22,2024-09-24,9,2024
1130,53700013182,18,2024-08-29,8,2024
1142,51111120076,14,2024-07-12,7,2024
1146,52370020076,8,2024-03-16,3,2024
1146,10000085429,13,2024-06-10,6,2024
1146,51960010076,13,2024-06-10,6,2024
1146,53620010050,13,2024-06-10,6,2024
1146,57631000076,13,2024-07-02,7,2024
1146,53800030050,17,2024-08-09,8,2024
1146,10000085477,18,2024-08-26,8,2024
1146,10000089237,18,2024-08-26,8,2024
1146,51960010076,18,2024-08-26,8,2024
1146,57631000076,18,2024-08-26,8,2024
1146,51906341075,18,2024-09-13,9,2024
1146,52000030042,18,2024-09-13,9,2024
1166,53700067076,8,2024-03-29,3,2024
1166,53450058040,17,2024-08-09,8,2024
1166,53620064076,17,2024-08-10,8,2024
1166,51785400013,17,2024-08-24,8,2024
1166,10000085478,18,2024-09-09,9,2024
1166,53700067076,18,2024-09-18,9,2024
1166,51600030101,18,2024-09-29,9,2024
1166,51600070033,18,2024-09-29,9,2024
1166,52500010050,18,2024-09-29,9,2024
1166,52800051098,18,2024-09-29,9,2024
1166,53620010028,20,2024-10-13,10,2024
1167,10000089055,8,2024-03-09,3,2024
1167,53663200076,8,2024-03-09,3,2024
1175,55000013033,8,2024-03-21,3,2024
1175,57045970076,8,2024-03-21,3,2024
1175,10000085429,13,2024-05-21,5,2024
1175,53700040075,13,2024-05-21,5,2024
1175,55000013050,13,2024-05-21,5,2024
1197,10000085429,13,2024-06-06,6,2024
1197,50308412076,13,2024-06-06,6,2024
1197,50813790076,13,2024-06-06,6,2024
1197,51600070033,13,2024-06-06,6,2024
1197,51980010075,13,2024-06-06,6,2024
1197,52740022050,13,2024-06-06,6,2024
1197,52840050076,13,2024-06-06,6,2024
1197,53700040075,13,2024-06-06,6,2024
1197,54300020076,13,2024-06-06,6,2024
1197,55410000076,13,2024-06-06,6,2024
1197,56414410013,13,2024-06-06,6,2024
1197,57047091041,13,2024-06-06,6,2024
1197,57631000076,13,2024-06-06,6,2024
1197,10000085475,18,2024-08-22,8,2024
1197,51600070033,18,2024-08-22,8,2024
1197,52200090076,18,2024-09-13,9,2024
1197,55410000076,18,2024-09-13,9,2024
1197,57143020076,18,2024-09-13,9,2024
1197,57680000050,18,2024-09-13,9,2024
1197,57631000076,18,2024-09-29,9,2024
1197,51200000076,23,2024-10-24,10,2024
1228,10000085363,8,2024-03-02,3,2024
1228,10000085429,13,2024-06-23,6,2024
1228,55000013050,13,2024-06-23,6,2024
1228,54900050076,18,2024-08-27,8,2024
1228,54154888076,18,2024-09-16,9,2024
1228,54900050076,18,2024-09-16,9,2024
1229,10000089073,12,2024-05-06,5,2024
1229,52100023024,12,2024-05-06,5,2024
1229,54470031076,12,2024-05-06,5,2024
1229,57680000025,12,2024-05-06,5,2024
1229,10000085429,13,2024-07-05,7,2024
1229,10000085475,18,2024-09-14,9,2024
1238,54300010033,26,2023-08-23,8,2023
1238,57756765875,30,2023-12-13,12,2023
1247,10000085364,8,2024-02-25,2,2024
1247,57631000076,8,2024-02-25,2,2024
1247,10000085425,13,2024-05-20,5,2024
1247,54300020076,13,2024-05-20,5,2024
1248,53600010082,5,2024-02-13,2,2024
1256,10000085363,8,2024-03-04,3,2024
1256,53620064076,13,2024-05-20,5,2024
1256,55703711082,13,2024-05-28,5,2024
1256,10000085429,13,2024-06-23,6,2024
1256,10000085479,18,2024-09-14,9,2024
1256,51600070033,18,2024-09-14,9,2024
1261,10000089110,13,2024-06-17,6,2024
1285,57910012076,8,2024-02-29,2,2024
1287,52100026075,30,2023-12-30,12,2023
1287,52100026076,30,2023-12-30,12,2023
1294,51600070033,13,2024-05-31,5,2024
1299,51111074175,2,2023-12-28,12,2023
1299,51530011350,2,2023-12-28,12,2023
1299,53800030050,2,2023-12-28,12,2023
1299,57218050076,2,2023-12-28,12,2023
1299,10000085364,8,2024-02-26,2,2024
1299,53010010033,8,2024-02-26,2,2024
1303,10000085478,18,2024-09-02,9,2024
1305,10000089102,13,2024-05-19,5,2024
1305,52740022050,13,2024-05-19,5,2024
1318,55150026032,8,2024-02-29,2,2024
1318,55150026032,13,2024-06-13,6,2024
1318,57047091041,13,2024-06-21,6,2024
1318,52200090076,18,2024-09-20,9,2024
1318,57231020034,18,2024-09-20,9,2024
1318,53010010033,18,2024-09-27,9,2024
1326,55150000034,11,2024-05-09,5,2024
1333,10000089194,17,2024-08-04,8,2024
1333,10000089195,17,2024-08-04,8,2024
1333,51785400013,17,2024-08-04,8,2024
1333,53800030050,17,2024-08-04,8,2024
1333,54280011660,17,2024-08-04,8,2024
1333,57045970076,17,2024-08-04,8,2024
1333,10000085493,23,2024-10-13,10,2024
1333,54060060033,23,2024-10-13,10,2024
1337,10000085361,8,2024-02-21,2,2024
1337,57045970076,8,2024-02-21,2,2024
1337,10000085478,18,2024-08-28,8,2024
1337,54900050076,18,2024-08-28,8,2024
1347,10000089251,18,2024-08-14,8,2024
1347,58304613450,18,2024-08-14,8,2024
1356,10000085361,8,2024-02-26,2,2024
1357,10000085364,8,2024-04-03,4,2024
1357,10000085426,13,2024-06-11,6,2024
1357,10000085476,18,2024-08-28,8,2024
1364,54154888076,30,2023-12-09,12,2023
1367,55420811176,23,2024-10-18,10,2024
1376,10000089124,13,2024-06-04,6,2024
1376,51111113178,13,2024-06-04,6,2024
1376,52100040050,13,2024-06-04,6,2024
1376,57631000076,13,2024-06-04,6,2024
1376,10000085475,18,2024-08-24,8,2024
1376,52100023024,18,2024-08-24,8,2024
1376,54300026050,18,2024-08-24,8,2024
1376,55000013950,18,2024-08-24,8,2024
1376,57631000076,18,2024-08-24,8,2024
1376,54589399277,20,2024-09-12,9,2024
1391,55410000076,26,2023-08-22,8,2023
1393,51600070033,26,2023-09-03,9,2023
1393,53000012033,29,2023-10-27,10,2023
1393,50099700082,16,2024-07-26,7,2024
1393,52270011076,16,2024-07-26,7,2024
1393,53600030082,16,2024-07-26,7,2024
1393,53700048076,16,2024-07-26,7,2024
1394,54154888076,8,2024-02-25,2,2024
1394,54154888076,13,2024-05-30,5,2024
1394,54154888076,18,2024-08-22,8,2024
1396,57631000076,8,2024-02-19,2,2024
1397,55000013950,18,2024-09-07,9,2024
1412,10000085479,18,2024-08-23,8,2024
1412,51906341075,18,2024-08-23,8,2024
1412,52260010055,18,2024-09-06,9,2024
1417,10000085479,18,2024-08-16,8,2024
1417,53980010082,18,2024-08-16,8,2024
1417,55400061078,18,2024-08-16,8,2024
1419,10000085479,18,2024-08-23,8,2024
1419,10000089251,18,2024-08-23,8,2024
1419,53010010033,18,2024-09-02,9,2024
1419,52840001082,18,2024-09-04,9,2024
1419,53620010028,20,2024-09-13,9,2024
1419,54589399255,20,2024-09-13,9,2024
1419,54800110055,20,2024-09-13,9,2024
1419,57940033055,20,2024-09-13,9,2024
1421,54154888076,30,2023-12-11,12,2023
1421,54154888076,8,2024-02-26,2,2024
1421,10000085363,8,2024-03-07,3,2024
1421,10000085429,13,2024-05-29,5,2024
1421,10000089128,13,2024-05-29,5,2024
1421,54154888076,13,2024-05-29,5,2024
1421,57047091041,13,2024-05-29,5,2024
1421,10000089091,13,2024-07-03,7,2024
1421,10000085479,18,2024-08-19,8,2024
1421,10000089237,18,2024-08-19,8,2024
1421,10000089290,18,2024-08-19,8,2024
1421,51600030101,18,2024-08-28,8,2024
1421,54900050082,25,2024-10-24,10,2024
1421,57192110076,25,2024-10-24,10,2024
1423,10000089124,13,2024-06-01,6,2024
1423,54100011675,13,2024-07-03,7,2024
1428,55400061078,18,2024-08-21,8,2024
1429,52100000033,9,2024-04-11,4,2024
1430,10000085364,8,2024-02-23,2,2024
1437,51312010033,22,2024-09-30,9,2024
1437,51800015050,18,2024-09-30,9,2024
1437,52100000031,22,2024-09-30,9,2024
1437,53010010033,18,2024-09-30,9,2024
1437,57045970076,22,2024-09-30,9,2024
1437,10000089316,22,2024-10-11,10,2024
1445,50057331082,23,2024-11-03,11,2024
1451,54420933024,4,2024-01-20,1,2024
1451,10000085363,8,2024-03-03,3,2024
1451,53010010033,8,2024-03-03,3,2024
1451,57047092032,8,2024-03-03,3,2024
1451,53076800082,8,2024-03-24,3,2024
1451,54154889078,8,2024-03-24,3,2024
1451,55150000034,11,2024-05-01,5,2024
1451,54850010033,18,2024-08-18,8,2024
1451,10000085477,18,2024-08-25,8,2024
1451,51800015050,18,2024-08-25,8,2024
1451,52800051098,18,2024-09-11,9,2024
1451,53700067076,18,2024-09-26,9,2024
1453,57457010076,8,2024-02-17,2,2024
1453,53600000078,8,2024-02-18,2,2024
1453,10000089013,8,2024-03-04,3,2024
1453,52840000075,8,2024-03-04,3,2024
1453,53475600050,8,2024-03-04,3,2024
1453,57064021233,8,2024-03-04,3,2024
1453,54280011660,17,2024-08-07,8,2024
1453,55100055075,17,2024-08-08,8,2024
1453,10000085475,18,2024-08-11,8,2024
1453,51258700050,18,2024-08-11,8,2024
1453,54900050076,18,2024-08-11,8,2024
1453,53800050033,18,2024-08-18,8,2024
1453,54300026050,18,2024-08-18,8,2024
1453,54900050076,18,2024-08-18,8,2024
1453,10000085496,24,2024-10-24,10,2024
1453,51380040009,23,2024-10-24,10,2024
1453,52840000082,23,2024-10-24,10,2024
1453,54060060033,23,2024-10-24,10,2024
1453,57027211076,23,2024-10-24,10,2024
1453,10000085495,24,2024-11-09,11,2024
1453,54060060033,23,2024-11-09,11,2024
1458,10000085429,13,2024-06-18,6,2024
1460,51600070033,26,2023-08-30,8,2023
1462,57790113076,18,2024-08-24,8,2024
1463,10000085363,8,2024-03-20,3,2024
1475,52100041050,8,2024-03-15,3,2024
1475,10000085364,8,2024-03-22,3,2024
1475,10000089018,8,2024-03-22,3,2024
1475,10000085429,13,2024-05-31,5,2024
1475,53700016682,13,2024-05-31,5,2024
1475,10000089124,13,2024-06-07,6,2024
1475,52740022050,13,2024-06-07,6,2024
1475,10000085479,18,2024-08-16,8,2024
1475,10000089252,18,2024-08-16,8,2024
1475,51800015050,18,2024-08-16,8,2024
1475,51809461078,18,2024-08-16,8,2024
1475,52100023024,18,2024-08-16,8,2024
1475,51258700050,18,2024-08-23,8,2024
1483,10000085477,18,2024-08-16,8,2024
1483,51960010076,18,2024-08-18,8,2024
1485,10000085425,13,2024-06-15,6,2024
1485,51254711082,13,2024-06-15,6,2024
1485,57631000076,13,2024-06-15,6,2024
1488,52927461001,13,2024-05-28,5,2024
1488,54154889076,13,2024-05-28,5,2024
1488,56414410013,13,2024-05-28,5,2024
1488,10000085482,16,2024-07-21,7,2024
1488,10000085477,18,2024-08-24,8,2024
1488,50308412050,18,2024-08-24,8,2024
1491,10000085436,16,2024-07-17,7,2024
1494,10000085479,18,2024-09-16,9,2024
1494,51960010076,18,2024-09-16,9,2024
1505,53500000076,16,2024-07-17,7,2024
1505,10000085476,18,2024-08-21,8,2024
1505,54300026050,18,2024-08-21,8,2024
1508,10000085426,13,2024-05-29,5,2024
1508,10000089124,13,2024-05-29,5,2024
1508,10000089137,13,2024-05-29,5,2024
1508,51600070033,13,2024-05-29,5,2024
1509,53700040075,13,2024-05-28,5,2024
1511,54900050076,18,2024-09-19,9,2024
1528,10000085363,8,2024-03-04,3,2024
1529,10000085364,8,2024-02-29,2,2024
1529,10000089015,8,2024-03-18,3,2024
1529,51958211075,8,2024-03-18,3,2024
1529,54300031076,8,2024-03-18,3,2024
1529,51600070033,13,2024-05-31,5,2024
1529,54100027032,13,2024-05-31,5,2024
1529,54180060033,13,2024-05-31,5,2024
1529,54369530009,13,2024-05-31,5,2024
1529,52580010042,13,2024-06-19,6,2024
1529,54100027032,13,2024-06-19,6,2024
1529,54100027032,14,2024-06-19,6,2024
1529,57680810050,13,2024-06-19,6,2024
1529,53500000076,16,2024-08-06,8,2024
1529,55310000076,16,2024-08-06,8,2024
1529,57124921076,16,2024-08-06,8,2024
1529,10000085478,18,2024-09-01,9,2024
1529,54300026050,18,2024-09-01,9,2024
1529,54100027032,20,2024-09-16,9,2024
1529,54589399255,20,2024-09-16,9,2024
1534,55100012140,8,2024-02-20,2,2024
1534,57127900036,8,2024-02-29,2,2024
1534,10000085477,18,2024-08-19,8,2024
1534,51780034082,18,2024-08-19,8,2024
1534,52000030042,18,2024-08-19,8,2024
1534,51600070033,18,2024-08-27,8,2024
1534,54900050082,25,2024-10-23,10,2024
1534,52840000082,23,2024-10-30,10,2024
1534,10000085490,23,2024-11-04,11,2024
1534,52840000033,25,2024-11-04,11,2024
1534,51200000009,25,2024-11-08,11,2024
1534,52700012033,25,2024-11-08,11,2024
1534,52900020076,25,2024-11-15,11,2024
1534,53000000036,23,2024-11-15,11,2024
1534,58768484040,25,2024-11-15,11,2024
1541,10000085364,8,2024-03-14,3,2024
1541,55000013033,8,2024-03-14,3,2024
1541,55100090033,8,2024-03-14,3,2024
1541,53600000082,10,2024-04-14,4,2024
1541,55000013950,18,2024-08-22,8,2024
1541,52100023030,25,2024-11-22,11,2024
1566,10000085477,18,2024-08-20,8,2024
1566,55000013933,18,2024-08-20,8,2024
1566,57231020034,18,2024-08-20,8,2024
1566,54589399275,20,2024-09-22,9,2024
1568,52310030076,8,2024-03-09,3,2024
1568,54300031076,8,2024-03-09,3,2024
1581,10000089290,18,2024-09-23,9,2024
1588,10000085364,8,2024-02-24,2,2024
1590,10000085426,13,2024-07-03,7,2024
1590,10000085429,13,2024-07-03,7,2024
1590,53000000036,23,2024-11-05,11,2024
1591,55100012140,8,2024-02-25,2,2024
1591,55410000076,8,2024-02-25,2,2024
1591,10000085363,8,2024-03-09,3,2024
1591,53800050033,8,2024-03-09,3,2024
1591,10000085378,9,2024-04-07,4,2024
1591,52100000033,9,2024-04-07,4,2024
1591,52100061076,9,2024-04-07,4,2024
1591,52840042077,9,2024-04-07,4,2024
1591,53800050033,9,2024-04-07,4,2024
1591,54850011033,9,2024-04-07,4,2024
1591,55004910025,9,2024-04-07,4,2024
1591,52200090076,18,2024-08-14,8,2024
1591,10000085476,18,2024-08-17,8,2024
1591,53760073676,18,2024-08-17,8,2024
1591,54300026050,18,2024-08-17,8,2024
1591,10000089265,18,2024-08-26,8,2024
1591,51600070033,18,2024-08-26,8,2024
1591,52500010050,18,2024-08-26,8,2024
1591,57143020076,18,2024-08-26,8,2024
1591,50930030075,18,2024-09-13,9,2024
1591,51600070033,18,2024-09-13,9,2024
1591,54800111033,18,2024-09-13,9,2024
1591,10000085490,23,2024-10-18,10,2024
1591,52840000082,23,2024-10-18,10,2024
1591,54400000032,23,2024-10-18,10,2024
1591,54850010033,23,2024-10-18,10,2024
1591,55200017313,23,2024-10-18,10,2024
1591,57027211076,23,2024-10-18,10,2024
1593,10000085363,8,2024-03-07,3,2024
1598,10000085429,13,2024-05-30,5,2024
1602,10000085475,18,2024-08-31,8,2024
1602,52113100033,18,2024-08-31,8,2024
1602,54200029176,18,2024-08-31,8,2024
1602,57143020076,18,2024-08-31,8,2024
1609,10000085475,18,2024-09-07,9,2024
1609,51600070033,18,2024-09-07,9,2024
1609,51800015050,18,2024-09-07,9,2024
1609,54850010033,18,2024-09-15,9,2024
1618,52586611376,8,2024-02-23,2,2024
1618,50099700082,16,2024-08-01,8,2024
1618,52270011076,16,2024-08-01,8,2024
1618,10000085436,16,2024-08-11,8,2024
1618,53500000076,16,2024-08-11,8,2024
1618,10000085475,18,2024-08-29,8,2024
1618,55000013950,18,2024-08-29,8,2024
1618,54200029176,18,2024-09-13,9,2024
1627,10000085495,24,2024-11-10,11,2024
1630,53700067076,8,2024-03-19,3,2024
1630,53700067076,18,2024-08-16,8,2024
1630,51200000009,25,2024-11-06,11,2024
1633,10000085364,8,2024-02-22,2,2024
1633,10000089073,12,2024-05-12,5,2024
1633,51600045033,12,2024-05-12,5,2024
1633,10000089124,13,2024-05-28,5,2024
1633,10000089128,13,2024-05-28,5,2024
1633,10000085429,13,2024-06-08,6,2024
1633,10000085477,18,2024-08-30,8,2024
1633,52100023024,18,2024-09-25,9,2024
1633,10000085490,23,2024-10-25,10,2024
1633,54900050082,25,2024-10-25,10,2024
1633,54400000032,23,2024-11-15,11,2024
1634,51111010133,30,2024-01-01,1,2024
1634,53700012075,30,2024-01-01,1,2024
1642,54850010009,29,2023-11-09,11,2023
1642,10000085366,8,2024-03-22,3,2024
1648,10000085363,8,2024-03-04,3,2024
1648,51981012076,8,2024-03-04,3,2024
1648,57910012076,8,2024-03-04,3,2024
1648,52570016075,18,2024-08-29,8,2024
1648,55000013950,18,2024-08-29,8,2024
1651,10000085475,18,2024-08-29,8,2024
1651,10000089304,18,2024-09-08,9,2024
1651,50308412050,18,2024-09-08,9,2024
1651,53700061674,18,2024-09-08,9,2024
1651,57050100082,18,2024-09-08,9,2024
1651,54154888076,18,2024-09-15,9,2024
1651,54154888076,18,2024-10-01,10,2024
1653,10000085475,18,2024-08-23,8,2024
1675,57143020076,18,2024-08-23,8,2024
1676,10000085491,23,2024-10-10,10,2024
1676,54850010033,23,2024-10-10,10,2024
1677,53600000078,8,2024-02-21,2,2024
1677,10000085361,8,2024-03-01,3,2024
1677,10000085425,13,2024-06-06,6,2024
1677,10000085426,13,2024-06-06,6,2024
1677,10000085427,13,2024-06-06,6,2024
1687,10000085364,8,2024-02-24,2,2024
1687,10000085364,8,2024-03-05,3,2024
1687,10000085426,13,2024-05-24,5,2024
1687,10000089077,13,2024-06-06,6,2024
1687,53500000076,16,2024-07-19,7,2024
1687,53600030082,16,2024-07-19,7,2024
1687,55310000076,16,2024-07-19,7,2024
1687,57143020076,18,2024-09-06,9,2024
1687,10000089251,18,2024-10-03,10,2024
1693,51862700076,8,2024-02-20,2,2024
1693,10000085361,8,2024-03-31,3,2024
1694,10000085361,8,2024-03-02,3,2024
1694,54154889078,8,2024-03-02,3,2024
1694,57045970076,8,2024-03-10,3,2024
1694,52100041050,8,2024-03-16,3,2024
1694,10000089029,8,2024-03-30,3,2024
1694,10000085429,13,2024-06-01,6,2024
1694,52740022050,13,2024-06-01,6,2024
1707,57033040050,11,2024-05-09,5,2024
1708,10000085361,8,2024-03-01,3,2024
1708,55100055075,8,2024-03-01,3,2024
1708,55100090033,8,2024-03-01,3,2024
1710,53700048182,5,2024-01-31,1,2024
1710,50813713084,10,2024-04-19,4,2024
1710,53700048182,10,2024-05-03,5,2024
1710,10000089131,13,2024-06-23,6,2024
1717,10000085476,18,2024-09-01,9,2024
1717,10000089263,18,2024-09-01,9,2024
1722,10000085475,18,2024-09-10,9,2024
1726,51370000076,26,2023-09-02,9,2023
1726,51700310076,26,2023-09-02,9,2023
1726,52100061176,26,2023-09-02,9,2023
1726,57127920076,26,2023-09-02,9,2023
1726,54134500033,26,2023-09-18,9,2023
1726,54300026124,26,2023-09-18,9,2023
1726,10000085364,8,2024-03-03,3,2024
1726,10000085373,7,2024-03-03,3,2024
1726,57050100076,7,2024-03-03,3,2024
1726,55150010034,8,2024-03-25,3,2024
1726,10000085361,8,2024-04-05,4,2024
1726,10000085426,13,2024-05-21,5,2024
1726,10000085432,13,2024-05-21,5,2024
1726,53600040087,13,2024-05-21,5,2024
1726,54263410033,13,2024-05-21,5,2024
1726,54154888076,13,2024-05-31,5,2024
1726,54175711040,13,2024-05-31,5,2024
1726,55100012007,13,2024-05-31,5,2024
1726,54200000076,13,2024-06-16,6,2024
1726,57050100078,13,2024-06-16,6,2024
1726,54154888076,18,2024-08-21,8,2024
1726,57231020034,18,2024-08-21,8,2024
1726,51780071276,18,2024-09-17,9,2024
1726,50581447025,18,2024-09-28,9,2024
1726,51600070033,18,2024-09-28,9,2024
1726,54900050076,18,2024-09-28,9,2024
1726,58870211150,21,2024-10-18,10,2024
1732,10000085427,13,2024-06-17,6,2024
1751,51500050033,19,2024-09-26,9,2024
1753,51410030033,8,2024-04-04,4,2024
1753,51600040033,8,2024-04-05,4,2024
1754,57192110076,25,2024-11-11,11,2024
1754,52100023030,25,2024-11-13,11,2024
1759,10000089015,8,2024-03-01,3,2024
1762,10000089012,8,2024-03-12,3,2024
1762,51800009050,8,2024-03-12,3,2024
1762,53600000078,8,2024-03-12,3,2024
1762,10000085475,18,2024-08-29,8,2024
1762,10000089305,18,2024-09-12,9,2024
1764,10000085425,13,2024-06-12,6,2024
1764,53620010050,13,2024-06-12,6,2024
1764,54100027032,13,2024-06-12,6,2024
1764,51111131075,14,2024-08-19,8,2024
1764,53620010028,14,2024-08-19,8,2024
1764,54100024032,14,2024-08-19,8,2024
1764,54100027032,14,2024-08-19,8,2024
1764,54800110055,14,2024-08-19,8,2024
1764,54800140060,14,2024-08-19,8,2024
1773,51200000033,29,2023-11-03,11,2023
1773,54060060033,29,2023-11-03,11,2023
1773,57455024450,29,2023-11-03,11,2023
1773,10000089064,9,2024-03-15,3,2024
1778,52484270076,8,2024-03-07,3,2024
1778,10000085429,13,2024-05-30,5,2024
1778,10000089106,13,2024-05-30,5,2024
1778,54154888076,13,2024-05-30,5,2024
1778,10000085479,18,2024-08-28,8,2024
1778,53120026033,18,2024-08-28,8,2024
1778,57143020076,18,2024-08-28,8,2024
1778,10000085475,18,2024-09-18,9,2024
1778,10000085476,18,2024-09-18,9,2024
1778,54133500050,18,2024-09-18,9,2024
1778,55100000013,18,2024-09-18,9,2024
1788,10000085427,13,2024-06-07,6,2024
1788,52580010042,13,2024-06-07,6,2024
1788,53800050033,13,2024-06-07,6,2024
1791,10000085363,8,2024-02-29,2,2024
1791,10000085429,13,2024-06-10,6,2024
1791,10000085426,13,2024-06-28,6,2024
1795,52840000051,29,2023-11-10,11,2023
1795,57047091041,29,2023-11-10,11,2023
1795,54132220050,8,2024-02-20,2,2024
1795,54154889078,8,2024-02-20,2,2024
1795,55100055075,8,2024-02-20,2,2024
1795,55100090033,8,2024-02-20,2,2024
1795,10000085366,8,2024-04-05,4,2024
1795,53800087950,8,2024-04-05,4,2024
1795,55100055075,8,2024-04-05,4,2024
1795,52840011033,13,2024-06-13,6,2024
1795,54300020076,13,2024-06-13,6,2024
1795,57218022076,13,2024-06-13,6,2024
1795,51600070033,13,2024-06-26,6,2024
1795,54900050082,25,2024-10-28,10,2024
1797,51800010250,18,2024-08-31,8,2024
1797,54060060076,18,2024-08-31,8,2024
1797,55100043133,18,2024-08-31,8,2024
1797,10000089290,18,2024-09-08,9,2024
1797,52113100033,18,2024-09-08,9,2024
1802,57027722976,21,2024-10-16,10,2024
1804,52700012033,25,2024-10-24,10,2024
1804,52900020076,25,2024-10-24,10,2024
1804,54900050082,25,2024-10-24,10,2024
1804,52100000076,25,2024-10-30,10,2024
1804,57192110076,25,2024-10-30,10,2024
1804,57756765034,25,2024-10-30,10,2024
1820,55000035576,15,2024-07-09,7,2024
1823,53800050033,8,2024-02-29,2,2024
1823,10000085364,8,2024-03-14,3,2024
1823,51111110076,8,2024-03-14,3,2024
1823,55100012140,8,2024-03-14,3,2024
1823,51780034078,8,2024-04-04,4,2024
1823,10000085429,13,2024-05-28,5,2024
1823,10000089098,13,2024-05-28,5,2024
1823,10000089113,13,2024-05-28,5,2024
1823,54154888076,13,2024-05-31,5,2024
1823,53700061076,13,2024-06-07,6,2024
1823,57680810050,13,2024-06-07,6,2024
1823,54650050060,13,2024-06-15,6,2024
1823,52100040050,13,2024-06-28,6,2024
1823,52740022050,13,2024-06-28,6,2024
1823,53800050033,13,2024-06-28,6,2024
1823,53120026033,18,2024-08-16,8,2024
1823,55000013950,18,2024-08-16,8,2024
1823,10000085478,18,2024-08-31,8,2024
1823,52800051098,18,2024-08-31,8,2024
1823,51600070033,18,2024-09-13,9,2024
1823,51800010250,18,2024-09-13,9,2024
1823,53010010033,18,2024-09-13,9,2024
1823,54154888076,18,2024-09-13,9,2024
1823,51600070033,18,2024-09-25,9,2024
1823,54300026050,18,2024-10-03,10,2024
1823,10000085495,24,2024-11-01,11,2024
1823,53000000036,23,2024-11-01,11,2024
1823,10000085496,24,2024-11-14,11,2024
1823,55100000033,23,2024-11-14,11,2024
1823,57940033055,20,2024-11-14,11,2024
1831,54400000033,29,2023-11-20,11,2023
1831,51600070033,13,2024-05-24,5,2024
1831,57047091041,13,2024-05-24,5,2024
1831,10000085425,13,2024-06-09,6,2024
1831,53800050033,13,2024-06-09,6,2024
1831,10000085479,18,2024-08-23,8,2024
1831,51600070033,18,2024-08-23,8,2024
1831,55000013950,18,2024-08-23,8,2024
1831,54300026050,18,2024-08-29,8,2024
1839,51500050013,19,2024-09-06,9,2024
1839,53700048182,19,2024-09-15,9,2024
1845,53620010050,13,2024-05-21,5,2024
1845,54154888076,13,2024-05-21,5,2024
1850,10000085482,16,2024-07-15,7,2024
1850,10000085475,18,2024-08-30,8,2024
1854,10000085475,18,2024-08-19,8,2024
1854,53120026033,18,2024-08-19,8,2024
1854,10000089319,21,2024-10-01,10,2024
1854,56261260075,21,2024-10-01,10,2024
1854,57790113076,18,2024-10-01,10,2024
1856,51111010133,30,2023-12-08,12,2023
1856,52586611376,30,2023-12-08,12,2023
1856,53600000078,8,2024-02-20,2,2024
1856,52370020076,8,2024-03-05,3,2024
1856,57047092032,8,2024-03-05,3,2024
1856,10000089073,12,2024-05-07,5,2024
1856,51111113178,13,2024-06-04,6,2024
1856,51780061082,13,2024-06-04,6,2024
1856,54154888076,18,2024-08-20,8,2024
1856,55000013950,18,2024-09-10,9,2024
1864,10000085361,8,2024-03-06,3,2024
1864,50930030075,8,2024-03-06,3,2024
1864,53475600050,8,2024-03-06,3,2024
1864,57457010076,8,2024-03-06,3,2024
1869,10000089123,13,2024-06-08,6,2024
1869,52100040050,13,2024-06-08,6,2024
1869,53620010050,13,2024-06-08,6,2024
1869,10000085478,18,2024-09-06,9,2024
1869,53620010028,20,2024-10-18,10,2024
1872,51700010076,26,2023-08-22,8,2023
1899,10000089073,12,2024-04-26,4,2024
1899,51800000050,12,2024-04-26,4,2024
1899,52100023024,12,2024-04-26,4,2024
1899,51800015033,12,2024-05-03,5,2024
1899,54470031076,12,2024-05-03,5,2024
1899,57790000032,12,2024-05-03,5,2024
1899,10000085477,18,2024-08-16,8,2024
1899,51800015050,18,2024-08-16,8,2024
1899,52100023024,18,2024-08-16,8,2024
1899,57143020076,18,2024-08-16,8,2024
1907,10000085429,13,2024-05-21,5,2024
1907,10000089111,13,2024-05-21,5,2024
1907,52038210082,13,2024-05-26,5,2024
1917,53663271277,6,2024-02-01,2,2024
1917,10000089109,13,2024-05-24,5,2024
1917,51960010076,13,2024-05-24,5,2024
1917,52740022050,13,2024-05-24,5,2024
1917,54154888076,13,2024-05-24,5,2024
1917,54300020076,13,2024-05-24,5,2024
1917,52900020076,25,2024-10-27,10,2024
1921,54300026150,4,2024-01-10,1,2024
1921,10000085479,18,2024-09-22,9,2024
1921,10000089290,18,2024-09-22,9,2024
1923,53000012033,29,2023-10-26,10,2023
1923,54300021057,29,2023-10-26,10,2023
1923,57047091041,29,2023-10-26,10,2023
1923,51380041309,9,2024-04-08,4,2024
1923,52100061076,9,2024-04-08,4,2024
1923,52580010042,9,2024-04-08,4,2024
1923,53700060051,9,2024-04-08,4,2024
1928,51906341075,18,2024-08-28,8,2024
1935,58087858576,7,2024-02-29,2,2024
1935,10000085425,13,2024-06-19,6,2024
1935,10000085479,18,2024-08-22,8,2024
1935,51780071276,18,2024-08-22,8,2024
1935,51258700050,18,2024-09-01,9,2024
1935,54850010033,18,2024-09-01,9,2024
1935,53160401082,18,2024-09-26,9,2024
1935,10000085495,24,2024-11-14,11,2024
1935,10000085496,24,2024-12-05,12,2024
1936,10000085363,8,2024-03-29,3,2024
1937,57127920076,26,2023-09-14,9,2023
1937,10000085361,8,2024-02-23,2,2024
1937,10000085361,8,2024-02-29,2,2024
1937,10000085366,8,2024-02-29,2,2024
1937,10000089006,8,2024-02-29,2,2024
1937,52898920076,8,2024-02-29,2,2024
1937,53000021076,8,2024-03-15,3,2024
1937,52898920076,13,2024-05-30,5,2024
1937,54300020076,13,2024-05-30,5,2024
1937,55000034042,13,2024-05-30,5,2024
1937,53800050033,13,2024-06-06,6,2024
1937,50813790076,13,2024-06-20,6,2024
1937,52898920076,13,2024-06-20,6,2024
1937,51960060050,13,2024-07-04,7,2024
1937,10000085475,18,2024-08-16,8,2024
1937,10000085476,18,2024-08-29,8,2024
1937,55100000033,23,2024-10-17,10,2024
1944,10000085364,8,2024-03-11,3,2024
1944,10000089044,8,2024-03-11,3,2024
1944,51862700076,8,2024-03-11,3,2024
1944,52370020076,8,2024-03-11,3,2024
1944,52580010042,9,2024-03-11,3,2024
1944,53000021076,8,2024-03-11,3,2024
1944,52840042034,13,2024-05-23,5,2024
1944,53800050033,13,2024-05-23,5,2024
1944,58978500076,13,2024-05-23,5,2024
1944,52570016075,18,2024-10-03,10,2024
1947,50834620078,9,2024-04-10,4,2024
1947,54850011033,9,2024-04-10,4,2024
1947,52800051098,18,2024-08-28,8,2024
1947,54300026050,18,2024-08-28,8,2024
1947,54420930024,18,2024-08-28,8,2024
1957,10000089300,18,2024-08-16,8,2024
1957,53010010033,18,2024-08-16,8,2024
1957,53800050033,18,2024-08-16,8,2024
1957,55410000076,18,2024-08-16,8,2024
1957,10000085477,18,2024-09-06,9,2024
1957,53700051551,18,2024-09-20,9,2024
1959,10000085429,13,2024-06-11,6,2024
1963,10000085363,8,2024-03-09,3,2024
1963,52370020076,8,2024-03-09,3,2024
1963,10000089049,8,2024-03-18,3,2024
1963,52898920076,8,2024-03-18,3,2024
1965,10000085361,8,2024-02-23,2,2024
1965,10000089133,13,2024-05-24,5,2024
1965,10000085427,13,2024-06-07,6,2024
1965,10000085477,18,2024-08-16,8,2024
1975,52100026076,26,2023-08-25,8,2023
1975,57294010013,26,2023-08-25,8,2023
1975,57631000076,8,2024-02-24,2,2024
1975,52580010042,9,2024-03-14,3,2024
1975,53620010028,20,2024-10-18,10,2024
1975,54589371155,20,2024-11-12,11,2024
1985,10000089092,13,2024-06-28,6,2024
1985,51600070033,13,2024-06-28,6,2024
1985,54900065036,13,2024-06-28,6,2024
1989,53500000076,16,2024-07-17,7,2024
1989,52270011076,16,2024-07-21,7,2024
1989,54060060076,18,2024-08-18,8,2024
1989,57332150033,18,2024-08-21,8,2024
1989,51780034082,18,2024-09-07,9,2024
1989,57143020076,18,2024-09-07,9,2024
1989,10000085475,18,2024-09-26,9,2024
1989,53160401082,18,2024-09-28,9,2024
1990,10000085369,8,2024-03-11,3,2024
1990,10000089111,13,2024-05-29,5,2024
1990,10000085428,13,2024-06-29,6,2024
1990,10000089106,13,2024-06-29,6,2024
1990,10000089124,13,2024-06-29,6,2024
1990,54154888076,13,2024-06-29,6,2024
1990,10000085432,13,2024-07-05,7,2024
1990,54154888076,13,2024-07-05,7,2024
1990,56414410013,13,2024-07-05,7,2024
1990,10000085475,18,2024-09-06,9,2024
1995,10000085428,13,2024-05-31,5,2024
1995,10000089098,13,2024-05-31,5,2024
1995,51480000076,13,2024-05-31,5,2024
1995,54300020076,13,2024-05-31,5,2024
1995,52100040050,13,2024-06-05,6,2024
1995,54850010033,18,2024-09-13,9,2024
1995,10000085477,18,2024-09-17,9,2024
2004,51312010033,8,2024-03-05,3,2024
2004,52100041050,8,2024-03-05,3,2024
2004,54200000033,8,2024-03-08,3,2024
2004,10000085363,8,2024-03-12,3,2024
2004,51800009050,8,2024-03-18,3,2024
2004,54300031076,8,2024-03-21,3,2024
2004,52920000042,8,2024-03-27,3,2024
2004,10000085429,13,2024-05-30,5,2024
2004,51254711082,13,2024-06-15,6,2024
2004,53800030050,17,2024-08-08,8,2024
2004,10000085479,18,2024-08-15,8,2024
2004,54850010033,18,2024-08-15,8,2024
2004,54900050076,18,2024-08-15,8,2024
2004,51800015050,18,2024-08-22,8,2024
2004,54850010033,23,2024-10-30,10,2024
2004,51200000076,23,2024-11-13,11,2024
2006,53500051576,26,2023-09-17,9,2023
2007,51111010133,30,2023-12-01,12,2023
2007,51111081160,30,2023-12-01,12,2023
2007,53600000078,8,2024-03-22,3,2024
2007,10000085363,8,2024-04-03,4,2024
2007,10000085428,13,2024-05-27,5,2024
2007,10000085429,13,2024-05-27,5,2024
2007,53620010050,13,2024-06-15,6,2024
2007,54180060033,13,2024-06-15,6,2024
2007,10000085478,18,2024-09-28,9,2024
2007,51011913593,18,2024-09-28,9,2024
2007,51111122076,20,2024-09-28,9,2024
2007,51570011042,18,2024-09-28,9,2024
2007,51600070033,18,2024-09-28,9,2024
2007,51920021576,18,2024-09-28,9,2024
2007,53010010033,18,2024-09-28,9,2024
2007,53160401082,18,2024-09-28,9,2024
2007,53620010028,20,2024-09-28,9,2024
2007,53980010082,18,2024-09-28,9,2024
2007,54100027032,20,2024-09-28,9,2024
2007,54589371155,20,2024-09-28,9,2024
2007,55100000013,18,2024-09-28,9,2024
2007,57231020034,18,2024-09-28,9,2024
2007,50834600078,20,2024-11-14,11,2024
2011,10000085429,13,2024-05-20,5,2024
2011,10000085432,13,2024-05-20,5,2024
2019,53600000078,8,2024-03-02,3,2024
2019,54610020076,8,2024-03-02,3,2024
2019,10000085363,8,2024-03-23,3,2024
2019,51700010076,8,2024-03-26,3,2024
2019,10000089082,13,2024-05-30,5,2024
2019,10000089106,13,2024-05-30,5,2024
2019,54300020076,13,2024-05-30,5,2024
2019,10000089092,13,2024-06-09,6,2024
2019,10000085479,18,2024-09-17,9,2024
2024,53600010082,5,2024-02-04,2,2024
2041,10000085363,8,2024-03-03,3,2024
2042,10000085364,8,2024-03-19,3,2024
2042,52100041050,8,2024-03-19,3,2024
2042,53620010050,8,2024-03-19,3,2024
2042,57631000076,8,2024-03-19,3,2024
2042,10000089073,12,2024-05-08,5,2024
2057,10000085426,13,2024-06-21,6,2024
2062,51111070142,26,2023-08-18,8,2023
2062,51111070424,26,2023-08-18,8,2023
2062,51111076635,26,2023-08-18,8,2023
2062,51111078555,26,2023-08-18,8,2023
2062,54450052251,26,2023-08-18,8,2023
2062,55150010034,26,2023-08-18,8,2023
2062,55410000076,26,2023-08-18,8,2023
2064,51980010075,13,2024-05-26,5,2024
2064,54200000076,13,2024-05-26,5,2024
2066,51500050013,5,2024-01-23,1,2024
2080,10000089073,12,2024-04-28,4,2024
2080,51800000050,12,2024-04-28,4,2024
2080,53800050033,12,2024-04-28,4,2024
2082,52484270076,8,2024-03-01,3,2024
2082,10000085363,8,2024-03-11,3,2024
2082,10000085479,18,2024-09-09,9,2024
2083,51981012076,13,2024-05-26,5,2024
2084,10000085425,13,2024-06-02,6,2024
2084,55000013950,18,2024-09-04,9,2024
2085,10000089029,8,2024-02-17,2,2024
2085,10000089040,8,2024-02-17,2,2024
2085,52100041050,8,2024-02-17,2,2024
2085,55000013033,8,2024-02-17,2,2024
2085,51600050042,13,2024-06-08,6,2024
2085,52740022050,13,2024-06-08,6,2024
2085,10000085425,13,2024-06-15,6,2024
2085,10000085427,13,2024-06-15,6,2024
2087,10000085426,13,2024-05-24,5,2024
2087,10000089079,13,2024-05-24,5,2024
2087,54154888076,13,2024-05-24,5,2024
2087,54300020076,13,2024-05-24,5,2024
2087,55714580087,13,2024-05-24,5,2024
2087,57680810050,13,2024-05-24,5,2024
2088,10000085475,18,2024-08-31,8,2024
2088,10000085478,18,2024-08-31,8,2024
2094,10000085479,18,2024-08-16,8,2024
2094,54900050076,18,2024-08-16,8,2024
2094,57143020076,18,2024-08-16,8,2024
2100,10000085425,13,2024-06-20,6,2024
2100,10000089076,13,2024-06-20,6,2024
2100,10000089106,13,2024-06-20,6,2024
2100,51980010075,13,2024-06-20,6,2024
2100,52840011033,13,2024-06-20,6,2024
2100,55410000076,13,2024-06-20,6,2024
2100,10000085475,18,2024-08-13,8,2024
2100,51800015050,18,2024-08-13,8,2024
2100,51960010076,18,2024-08-13,8,2024
2100,52500010050,18,2024-08-13,8,2024
2100,53010010033,18,2024-08-13,8,2024
2100,53500035050,18,2024-08-13,8,2024
2100,53800050033,18,2024-08-13,8,2024
2100,54300026050,18,2024-08-13,8,2024
2100,55410000076,18,2024-08-13,8,2024
2111,55410000076,26,2023-09-02,9,2023
2112,54100024950,13,2024-05-28,5,2024
2112,55000013050,13,2024-05-28,5,2024
2112,10000085475,18,2024-08-21,8,2024
2112,53120026033,18,2024-08-21,8,2024
2115,10000085363,8,2024-02-23,2,2024
2115,57045970076,8,2024-02-23,2,2024
2117,50000540076,29,2023-10-12,10,2023
2123,10000085425,13,2024-05-20,5,2024
2123,51113240013,13,2024-05-20,5,2024
2123,52016910055,13,2024-05-20,5,2024
2123,54180010033,13,2024-05-20,5,2024
2123,54650050060,13,2024-05-20,5,2024
2123,57255400076,13,2024-05-20,5,2024
2123,10000089251,18,2024-08-13,8,2024
2123,10000089259,18,2024-08-13,8,2024
2123,51960010076,18,2024-08-13,8,2024
2123,57631000076,18,2024-08-13,8,2024
2124,52100026076,30,2023-11-30,11,2023
2124,55703710075,30,2023-12-09,12,2023
2124,51500059033,10,2024-04-14,4,2024
2124,10000089073,12,2024-04-28,4,2024
2124,54300010033,12,2024-04-28,4,2024
2124,54470031076,12,2024-05-05,5,2024
2124,51800000050,12,2024-05-19,5,2024
2124,10000089111,13,2024-05-29,5,2024
2124,53800050033,13,2024-06-18,6,2024
2124,10000085428,13,2024-06-25,6,2024
2124,52200090076,18,2024-08-18,8,2024
2124,51500050033,19,2024-08-31,8,2024
2124,52100023024,18,2024-08-31,8,2024
2124,57007461076,19,2024-08-31,8,2024
2124,10000085475,18,2024-09-17,9,2024
2124,51500050013,19,2024-09-17,9,2024
2124,51600070033,18,2024-09-17,9,2024
2124,53400061150,18,2024-09-17,9,2024
2124,53700048182,19,2024-09-17,9,2024
2124,55220010013,19,2024-09-17,9,2024
2130,10000085427,13,2024-06-12,6,2024
2130,10000089128,13,2024-06-12,6,2024
2130,51480000076,13,2024-06-12,6,2024
2130,54150023150,13,2024-06-12,6,2024
2130,55410000076,13,2024-06-12,6,2024
2130,57047091041,13,2024-06-12,6,2024
2130,57084400050,13,2024-06-12,6,2024
2130,57756765076,13,2024-06-12,6,2024
2130,10000085475,18,2024-08-24,8,2024
2130,10000089253,18,2024-08-24,8,2024
2130,51111114101,18,2024-08-24,8,2024
2130,54060060076,18,2024-08-24,8,2024
2130,51298810078,18,2024-09-11,9,2024
2130,53010010033,18,2024-09-11,9,2024
2130,57144800076,18,2024-09-11,9,2024
2134,55000035282,13,2024-06-24,6,2024
2147,10000085425,13,2024-05-25,5,2024
2147,10000089133,13,2024-05-25,5,2024
2147,54150023150,13,2024-05-25,5,2024
2147,57680810050,13,2024-05-25,5,2024
2147,10000089127,13,2024-06-06,6,2024
2147,51330021113,13,2024-06-06,6,2024
2147,10000085475,18,2024-09-12,9,2024
2147,10000089302,18,2024-09-12,9,2024
2147,54850010033,18,2024-09-12,9,2024
2148,51111070124,30,2023-12-07,12,2023
2148,10000089290,18,2024-09-30,9,2024
2156,56414410013,13,2024-05-27,5,2024
2158,10000085475,18,2024-08-26,8,2024
2158,10000089288,18,2024-08-26,8,2024
2158,51800015050,18,2024-08-26,8,2024
2158,57332150033,18,2024-08-26,8,2024
2158,51298810078,18,2024-09-23,9,2024
2158,54154888076,18,2024-09-23,9,2024
2162,51600070033,18,2024-09-15,9,2024
2168,10000085363,8,2024-03-20,3,2024
2168,10000085475,18,2024-08-15,8,2024
2168,10000085479,18,2024-08-15,8,2024
2168,10000089248,18,2024-08-15,8,2024
2168,52100023024,18,2024-08-15,8,2024
2171,53700048076,16,2024-07-23,7,2024
2185,10000085426,13,2024-06-01,6,2024
2185,51480000076,13,2024-06-01,6,2024
2185,51980010075,13,2024-06-01,6,2024
2199,10000085364,8,2024-03-12,3,2024
2199,52100041050,8,2024-03-12,3,2024
2199,53000021076,8,2024-03-12,3,2024
2199,57045970076,8,2024-03-12,3,2024
2199,10000085378,9,2024-03-27,3,2024
2199,54300026033,9,2024-03-27,3,2024
2199,10000085426,13,2024-05-30,5,2024
2199,52100040050,13,2024-07-05,7,2024
2199,10000085475,18,2024-08-19,8,2024
2199,51200092776,18,2024-08-19,8,2024
2199,52500010050,18,2024-09-29,9,2024
2199,54300026050,18,2024-09-29,9,2024
2199,55480017133,18,2024-09-29,9,2024
2200,51960010076,30,2023-11-24,11,2023
2200,54154888076,30,2024-01-05,1,2024
2200,10000085363,8,2024-03-06,3,2024
2200,10000085369,8,2024-03-06,3,2024
2200,51600045033,12,2024-05-02,5,2024
2200,52529311476,12,2024-05-02,5,2024
2200,10000085425,13,2024-05-31,5,2024
2200,54154888076,13,2024-05-31,5,2024
2200,55410000076,13,2024-06-15,6,2024
2200,52740022050,13,2024-07-04,7,2024
2200,10000085475,18,2024-08-14,8,2024
2200,51800015050,18,2024-08-14,8,2024
2200,51960010076,18,2024-08-14,8,2024
2200,54154888076,18,2024-08-14,8,2024
2200,55410000076,18,2024-08-14,8,2024
2200,57680000050,18,2024-08-14,8,2024
2200,51800000050,22,2024-09-25,9,2024
2200,52100000031,22,2024-09-25,9,2024
2200,52800031032,22,2024-09-25,9,2024
2200,57045970076,22,2024-09-25,9,2024
2213,51370000076,26,2023-09-01,9,2023
2213,52898920076,26,2023-09-01,9,2023
2217,10000085426,13,2024-05-20,5,2024
2217,51780031082,13,2024-06-04,6,2024
2222,50004110076,8,2024-03-09,3,2024
2231,10000085478,18,2024-08-16,8,2024
2231,53700026850,18,2024-08-16,8,2024
2231,51862700076,18,2024-09-12,9,2024
2231,53600010087,19,2024-09-12,9,2024
2233,54154888076,30,2023-12-11,12,2023
2233,54850011076,30,2023-12-11,12,2023
2233,10000085366,8,2024-02-20,2,2024
2233,57910012076,8,2024-02-20,2,2024
2233,57127900036,8,2024-02-27,2,2024
2233,10000085425,13,2024-05-25,5,2024
2233,54154888076,13,2024-05-25,5,2024
2233,57047091041,13,2024-05-25,5,2024
2233,10000085493,23,2024-10-08,10,2024
2233,52840000082,23,2024-10-08,10,2024
2233,55200017313,23,2024-10-08,10,2024
2234,10000089290,18,2024-09-02,9,2024
2234,10000085475,18,2024-09-15,9,2024
2234,57050100082,18,2024-09-15,9,2024
2237,10000089081,13,2024-06-07,6,2024
2237,51600070033,13,2024-06-07,6,2024
2237,54100024950,13,2024-06-07,6,2024
2237,57047091041,13,2024-06-07,6,2024
2237,10000085475,18,2024-08-27,8,2024
2237,10000089276,18,2024-08-27,8,2024
2237,10000089290,18,2024-08-27,8,2024
2237,51600070033,18,2024-08-27,8,2024
2237,52100023024,18,2024-08-27,8,2024
2240,53600000001,26,2023-08-15,8,2023
2240,53600011082,30,2023-12-11,12,2023
2240,53600000082,10,2024-04-11,4,2024
2240,10000085479,18,2024-08-27,8,2024
2240,53210060033,18,2024-08-27,8,2024
2240,53600010087,19,2024-09-01,9,2024
2240,53600010087,19,2024-09-21,9,2024
2240,53400022076,25,2024-11-19,11,2024
2240,54900050082,25,2024-11-19,11,2024
2240,58768484040,25,2024-11-19,11,2024
2244,57790000075,30,2024-01-04,1,2024
2260,51800000050,22,2024-10-08,10,2024
2260,52100000031,22,2024-10-08,10,2024
2260,54450000076,22,2024-10-08,10,2024
2260,57045970076,22,2024-10-08,10,2024
2264,10000085364,8,2024-03-06,3,2024
2270,58768484040,25,2024-11-02,11,2024
2275,52700012033,25,2024-11-12,11,2024
2275,57797520075,25,2024-11-12,11,2024
2275,10000085496,24,2024-11-23,11,2024
2280,57008510075,26,2023-08-14,8,2023
2280,53400022076,26,2023-08-30,8,2023
2280,51254711078,30,2023-11-20,11,2023
2280,57103800077,30,2023-11-20,11,2023
2280,53600000078,8,2024-02-18,2,2024
2280,53700048182,10,2024-04-11,4,2024
2280,10000085427,13,2024-05-27,5,2024
2280,51700010076,13,2024-05-27,5,2024
2280,10000085478,18,2024-08-16,8,2024
2280,54900050076,18,2024-08-16,8,2024
2280,53700061674,18,2024-08-24,8,2024
2280,53770000076,18,2024-08-24,8,2024
2280,54900050082,25,2024-10-21,10,2024
2282,10000085475,18,2024-08-12,8,2024
2284,10000085363,8,2024-03-01,3,2024
2284,10000085475,18,2024-08-16,8,2024
2305,57143030076,26,2023-08-26,8,2023
2305,57756765876,26,2023-08-26,8,2023
2305,54900020032,26,2023-09-18,9,2023
2305,53010030033,30,2023-12-15,12,2023
2305,51111111175,3,2023-12-26,12,2023
2305,10000085426,13,2024-05-25,5,2024
2305,52740022050,13,2024-05-25,5,2024
2305,51600070033,13,2024-05-29,5,2024
2305,53620010050,13,2024-06-04,6,2024
2305,54200000076,13,2024-06-04,6,2024
2305,10000085475,18,2024-08-22,8,2024
2305,51570011042,18,2024-08-22,8,2024
2305,51600070033,18,2024-10-03,10,2024
2305,55410000076,18,2024-10-03,10,2024
2305,54100024032,20,2024-10-24,10,2024
2314,52898920076,13,2024-05-22,5,2024
2314,57631000076,13,2024-05-22,5,2024
2314,54300026050,18,2024-08-23,8,2024
2317,10000085364,8,2024-02-24,2,2024
2317,51111110076,8,2024-02-24,2,2024
2317,53620010050,8,2024-02-24,2,2024
2317,55113140076,8,2024-02-27,2,2024
2317,53663200076,8,2024-03-23,3,2024
2317,10000085429,13,2024-06-03,6,2024
2317,51480000076,13,2024-06-03,6,2024
2317,57047091041,13,2024-06-03,6,2024
2317,10000085475,18,2024-10-04,10,2024
2317,10000089277,18,2024-10-04,10,2024
2322,54154888076,8,2024-03-07,3,2024
2322,54610020076,8,2024-03-18,3,2024
2322,57047092032,8,2024-03-18,3,2024
2324,10000085363,8,2024-03-27,3,2024
2324,10000085366,8,2024-03-27,3,2024
2324,54178802078,13,2024-06-27,6,2024
2324,57680810050,13,2024-06-27,6,2024
2324,10000085479,18,2024-09-19,9,2024
2330,10000085364,8,2024-02-27,2,2024
2330,54470020031,8,2024-02-27,2,2024
2330,57127900036,8,2024-02-27,2,2024
2331,51111073935,30,2023-12-10,12,2023
2331,51111074635,30,2023-12-10,12,2023
2331,10000089110,13,2024-05-20,5,2024
2334,10000085425,13,2024-05-21,5,2024
2334,54200000076,13,2024-05-21,5,2024
2341,10000085367,8,2024-02-21,2,2024
2341,52840031033,8,2024-02-21,2,2024
2342,57631000076,18,2024-08-16,8,2024
2342,10000085479,18,2024-08-30,8,2024
2347,55703711082,18,2024-09-18,9,2024
2351,10000089081,13,2024-06-01,6,2024
2351,51700010076,13,2024-06-01,6,2024
2351,53620010050,13,2024-06-01,6,2024
2351,55410000076,13,2024-06-01,6,2024
2351,10000085426,13,2024-06-05,6,2024
2351,10000089134,13,2024-06-05,6,2024
2351,55340000082,13,2024-07-03,7,2024
2351,10000085475,18,2024-08-21,8,2024
2351,53120026033,18,2024-08-21,8,2024
2351,55400061078,18,2024-08-28,8,2024
2351,57143020076,18,2024-08-28,8,2024
2351,52113100033,18,2024-09-18,9,2024
2364,10000085479,18,2024-08-17,8,2024
2364,10000089272,18,2024-08-22,8,2024
2366,53700048051,7,2024-02-16,2,2024
2366,57050100076,7,2024-02-16,2,2024
2366,10000089054,8,2024-03-02,3,2024
2366,10000085429,13,2024-05-31,5,2024
2366,10000089106,13,2024-05-31,5,2024
2366,53010030033,13,2024-05-31,5,2024
2366,53620010050,13,2024-05-31,5,2024
2366,54300020076,13,2024-05-31,5,2024
2366,51254600014,13,2024-06-28,6,2024
2370,10000085363,8,2024-03-14,3,2024
2370,54200000076,13,2024-05-22,5,2024
2370,10000085479,18,2024-09-08,9,2024
2370,10000089290,18,2024-09-08,9,2024
2370,55410000076,18,2024-09-08,9,2024
2370,10000089269,18,2024-10-01,10,2024
2370,52100023024,18,2024-10-01,10,2024
2370,52500010050,18,2024-10-01,10,2024
2374,50004510078,13,2024-06-02,6,2024
2374,10000085479,18,2024-09-07,9,2024
2374,10000089239,18,2024-09-07,9,2024
2374,52100023024,18,2024-09-07,9,2024
2374,52500010050,18,2024-09-07,9,2024
2374,54060060076,18,2024-09-07,9,2024
2374,50581447025,18,2024-10-02,10,2024
2375,10000085426,13,2024-06-13,6,2024
2375,10000089106,13,2024-06-13,6,2024
2375,10000089134,13,2024-06-13,6,2024
2375,52740022050,13,2024-06-13,6,2024
2375,52840050076,13,2024-06-13,6,2024
2375,53010030033,13,2024-06-13,6,2024
2375,54154889076,13,2024-06-13,6,2024
2375,55410000076,13,2024-06-13,6,2024
2375,10000089237,18,2024-08-14,8,2024
2378,54200029176,18,2024-08-16,8,2024
2378,55410000076,18,2024-08-16,8,2024
2378,10000085475,18,2024-09-02,9,2024
2380,10000089018,8,2024-02-20,2,2024
2380,53010010033,8,2024-02-20,2,2024
2380,53800050033,8,2024-02-20,2,2024
2380,10000085364,8,2024-02-25,2,2024
2380,10000089108,13,2024-05-20,5,2024
2380,51600070033,13,2024-05-20,5,2024
2380,54200000076,13,2024-05-20,5,2024
2380,54369530009,13,2024-05-20,5,2024
2380,56414410013,13,2024-05-25,5,2024
2380,10000089127,13,2024-06-05,6,2024
2380,57047091041,13,2024-06-16,6,2024
2380,10000089246,18,2024-08-19,8,2024
2380,10000089290,18,2024-08-19,8,2024
2380,53120026033,18,2024-08-19,8,2024
2380,10000085476,18,2024-08-27,8,2024
2380,52100054076,18,2024-09-15,9,2024
2380,57680000050,18,2024-09-15,9,2024
2380,51500050033,19,2024-09-22,9,2024
2380,51600070033,18,2024-09-28,9,2024
2398,10000085477,18,2024-09-29,9,2024
2400,10000085436,16,2024-07-21,7,2024
2400,10000085482,16,2024-07-21,7,2024
2400,52270011076,16,2024-07-21,7,2024
2400,53500000076,16,2024-07-21,7,2024
2400,53600030082,16,2024-07-21,7,2024
2400,53700048076,16,2024-07-21,7,2024
2400,55310000076,16,2024-07-21,7,2024
2400,57124921076,16,2024-07-21,7,2024
2400,57418211676,16,2024-07-21,7,2024
2400,10000085478,18,2024-08-23,8,2024
2400,10000089248,18,2024-08-23,8,2024
2400,10000089251,18,2024-08-23,8,2024
2400,10000089278,18,2024-08-23,8,2024
2400,51600030101,18,2024-08-23,8,2024
2400,52000030042,18,2024-08-23,8,2024
2400,52840001082,18,2024-08-23,8,2024
2400,53210060033,18,2024-08-23,8,2024
2400,54154888076,18,2024-08-23,8,2024
2400,54300026050,18,2024-08-23,8,2024
2400,55410000076,18,2024-08-23,8,2024
2400,53600010087,19,2024-09-13,9,2024
2400,53700048182,19,2024-09-13,9,2024
2400,57007451076,19,2024-09-13,9,2024
2406,52100000033,9,2024-03-19,3,2024
2406,53700060051,9,2024-03-19,3,2024
2407,10000085425,13,2024-05-23,5,2024
2407,10000089128,13,2024-05-23,5,2024
2407,52740022050,13,2024-05-23,5,2024
2407,57680810050,13,2024-05-23,5,2024
2407,10000089290,18,2024-08-16,8,2024
2407,51600030101,18,2024-08-16,8,2024
2407,53210060033,18,2024-08-16,8,2024
2407,54060060076,18,2024-08-16,8,2024
2407,10000089248,18,2024-09-20,9,2024
2420,10000085429,13,2024-06-30,6,2024
2421,10000085363,8,2024-03-27,3,2024
2421,52840031033,8,2024-03-27,3,2024
2421,10000089073,12,2024-05-04,5,2024
2421,57631000076,13,2024-05-20,5,2024
2421,10000085475,18,2024-08-28,8,2024
2421,10000089290,18,2024-09-02,9,2024
2421,51800015050,18,2024-09-02,9,2024
2427,53620010028,3,2024-01-06,1,2024
2427,10000085427,13,2024-05-20,5,2024
2427,10000085432,13,2024-05-20,5,2024
2427,51600070033,18,2024-09-12,9,2024
2427,51200000009,25,2024-11-05,11,2024
2427,57797520075,25,2024-11-05,11,2024
2427,54900050082,25,2024-11-11,11,2024
2427,52840000033,25,2024-11-13,11,2024
2430,10000085361,8,2024-02-29,2,2024
2430,10000089032,8,2024-02-29,2,2024
2441,54180010033,13,2024-05-26,5,2024
2441,57631000076,13,2024-05-26,5,2024
2441,54300026050,18,2024-08-25,8,2024
2441,54060060076,18,2024-08-31,8,2024
2443,57457010076,26,2023-08-17,8,2023
2443,53450050033,4,2024-01-14,1,2024
2443,54759930033,4,2024-01-14,1,2024
2448,52100023020,28,2023-11-09,11,2023
2448,51111081540,30,2023-11-24,11,2023
2448,51015877076,30,2023-12-08,12,2023
2448,10000085364,8,2024-02-26,2,2024
2448,10000085364,8,2024-02-29,2,2024
2448,54450031033,8,2024-03-18,3,2024
2448,54440020034,8,2024-03-29,3,2024
2448,57631000076,18,2024-08-16,8,2024
2448,10000085477,18,2024-09-11,9,2024
2448,51111120078,20,2024-11-15,11,2024
2451,54200000076,30,2023-11-22,11,2023
2451,55100090033,30,2023-12-03,12,2023
2451,54420933024,4,2024-01-20,1,2024
2451,54300026150,4,2024-01-21,1,2024
2451,10000085361,8,2024-02-20,2,2024
2451,52484270076,8,2024-03-04,3,2024
2451,51380041309,9,2024-03-16,3,2024
2451,54154888076,8,2024-03-16,3,2024
2451,54850011033,9,2024-03-16,3,2024
2451,57127900036,8,2024-03-29,3,2024
2451,53800050033,8,2024-03-31,3,2024
2451,53800050033,9,2024-03-31,3,2024
2451,10000089073,12,2024-04-24,4,2024
2451,10000085428,13,2024-05-28,5,2024
2451,51254711082,13,2024-05-28,5,2024
2451,51600070033,13,2024-05-28,5,2024
2451,54154888076,13,2024-05-28,5,2024
2451,57047091041,13,2024-05-28,5,2024
2451,57680810050,13,2024-05-28,5,2024
2451,51600070033,13,2024-06-26,6,2024
2451,10000085475,18,2024-08-14,8,2024
2451,54300026050,18,2024-08-16,8,2024
2451,54200029176,18,2024-08-21,8,2024
2455,55000013033,8,2024-03-29,3,2024
2455,10000085478,18,2024-08-29,8,2024
2457,52400060032,30,2024-01-04,1,2024
2462,52898920076,8,2024-03-01,3,2024
2462,10000085364,8,2024-03-06,3,2024
2462,54610020076,8,2024-03-06,3,2024
2462,57127900036,8,2024-03-19,3,2024
2462,10000089073,12,2024-04-26,4,2024
2462,10000085475,18,2024-08-25,8,2024
2462,51600070033,18,2024-08-25,8,2024
2462,51258700050,18,2024-08-29,8,2024
2462,54610000076,21,2024-10-03,10,2024
2467,10000085426,13,2024-05-28,5,2024
2467,56414410013,13,2024-05-28,5,2024
2467,53010030033,13,2024-06-06,6,2024
2467,54178802078,13,2024-06-21,6,2024
2467,51800010250,18,2024-09-26,9,2024
2475,51600070033,13,2024-05-28,5,2024
2475,51600070033,18,2024-08-25,8,2024
2478,10000085477,18,2024-10-03,10,2024
2478,52113100033,18,2024-10-03,10,2024
2478,54850010033,18,2024-10-03,10,2024
2478,54850010033,22,2024-10-03,10,2024
2481,10000085364,8,2024-04-03,4,2024
2481,10000085476,18,2024-08-28,8,2024
2481,52000030042,18,2024-08-28,8,2024
2488,51200092776,29,2023-10-22,10,2023
2488,51410010050,29,2023-10-22,10,2023
2488,53010030033,13,2024-06-29,6,2024
2488,55703711082,13,2024-06-29,6,2024
2488,57631000076,13,2024-06-29,6,2024
2488,54800110055,14,2024-07-19,7,2024
2488,57124921076,16,2024-08-01,8,2024
2488,10000085475,18,2024-09-13,9,2024
2488,51800015050,18,2024-09-13,9,2024
2488,54900050076,18,2024-09-13,9,2024
2488,52200090076,18,2024-09-16,9,2024
2489,52100000076,30,2023-12-24,12,2023
2489,52100026076,30,2023-12-24,12,2023
2489,10000089054,8,2024-02-20,2,2024
2489,52700040009,8,2024-02-20,2,2024
2489,53600000078,8,2024-02-20,2,2024
2489,57047092032,8,2024-03-24,3,2024
2489,10000085425,13,2024-05-20,5,2024
2489,51600070033,13,2024-05-20,5,2024
2489,51960060050,13,2024-05-20,5,2024
2489,55150000034,11,2024-05-20,5,2024
2489,10000085425,13,2024-05-30,5,2024
2489,10000085427,13,2024-05-30,5,2024
2489,10000085429,13,2024-05-30,5,2024
2489,10000089098,13,2024-05-30,5,2024
2489,10000089124,13,2024-05-30,5,2024
2489,51254711082,13,2024-05-30,5,2024
2489,51480000076,13,2024-05-30,5,2024
2489,51600040033,13,2024-05-30,5,2024
2489,52927461001,13,2024-05-30,5,2024
2489,53500051576,11,2024-05-30,5,2024
2489,54300020076,13,2024-05-30,5,2024
2489,56414410013,13,2024-05-30,5,2024
2489,57047091041,13,2024-05-30,5,2024
2489,52740022050,13,2024-06-05,6,2024
2489,51981012076,13,2024-06-13,6,2024
2489,54589399250,14,2024-07-12,7,2024
2489,54800140060,14,2024-07-12,7,2024
2489,10000085496,24,2024-11-29,11,2024
2494,51111120001,18,2024-09-25,9,2024
2494,54105800093,18,2024-09-25,9,2024
2494,10000085477,18,2024-09-27,9,2024
2494,52310000076,18,2024-09-27,9,2024
2494,54133500050,18,2024-09-27,9,2024
2496,10000085363,8,2024-02-29,2,2024
2496,57045970076,8,2024-02-29,2,2024
2496,57910070076,8,2024-02-29,2,2024
2496,10000085429,13,2024-06-06,6,2024
2496,10000085479,18,2024-08-15,8,2024
2496,10000089283,18,2024-08-15,8,2024
2496,52100023024,18,2024-08-15,8,2024
2496,53010010033,18,2024-08-15,8,2024
2496,54133500050,18,2024-08-15,8,2024
2496,54900050076,18,2024-08-15,8,2024
2496,55100000013,18,2024-09-02,9,2024
2500,53663200076,8,2024-03-25,3,2024
2500,54300031076,8,2024-03-25,3,2024
2500,55000013950,18,2024-09-16,9,2024
